Steps,Policy/Entropy,Policy/Learning Rate,Policy/Extrinsic Value Estimate,Losses/Value Loss,Losses/Policy Loss,Policy/Extrinsic Reward,Environment/Cumulative Reward,Environment/Episode Length
25130004,0.69312125,4.975004e-05,115.661194,8.541683,0.42751288,13652.203548431396,13652.203464329243,23479.0
25140004,0.7783624,4.9730046e-05,116.929214,0.05499333,0.3853162,None,None,None
25150004,0.7103477,4.9710045e-05,115.74505,0.10221724,0.61650074,None,None,None
25160005,0.69336903,4.9690047e-05,117.1977,0.008138068,0.64880073,None,None,None
25170007,0.6912685,4.967004e-05,116.856766,0.014768082,0.66842186,None,None,None
25180004,0.7885976,4.9650043e-05,117.98395,0.23165786,0.44423813,None,None,None
25190008,0.87636364,4.963004e-05,118.953995,0.05596267,0.5280476,None,None,None
25200008,0.85121435,4.961004e-05,118.91437,0.004254162,0.5236634,None,None,None
25210006,0.8247251,4.959004e-05,118.14541,0.15799834,0.4477322,None,None,None
25220005,0.635951,4.9570044e-05,119.339005,0.36986077,0.4499529,None,None,None
25230006,0.61878717,4.9550043e-05,119.54205,0.093124405,0.6040227,None,None,None
25240005,0.60416776,4.953004e-05,118.587364,0.003918338,0.2563072,None,None,None
25250007,0.6069316,4.9510043e-05,118.409035,0.006446979,0.40510187,None,None,None
25260007,0.62994653,4.9490038e-05,117.18591,0.10664811,0.50924605,None,None,None
25270005,0.66191554,4.9470043e-05,117.8155,0.038566437,0.5649865,None,None,None
25280008,0.6459942,4.9450042e-05,118.116615,0.047490776,0.52390957,None,None,None
25290005,0.64833915,4.943004e-05,118.32085,0.019013736,0.6051333,None,None,None
25300008,0.65281993,4.9410042e-05,118.72355,0.052579828,0.4771069,None,None,None
25310006,0.71047586,4.9390037e-05,119.55053,0.11559111,0.3107666,None,None,None
25320006,0.7184206,4.9370043e-05,119.34636,0.014962636,0.47250062,None,None,None
25330008,0.69820005,4.9350037e-05,119.27346,0.040486317,0.3128513,None,None,None
25340004,0.66785824,4.9330043e-05,117.7401,0.35592085,0.5267772,None,None,None
25350004,0.6714595,4.9310045e-05,119.54572,0.0967644,0.3483362,None,None,None
25360006,0.738146,4.9290044e-05,120.558365,0.07837538,0.4357768,None,None,None
25370006,0.771527,4.9270042e-05,119.86063,0.059904337,0.42095745,None,None,None
25380004,0.7346735,4.9250044e-05,118.04289,0.022607855,0.31542754,None,None,None
25390006,0.7753411,4.9230046e-05,118.04726,0.040662114,0.39249492,None,None,None
25400007,0.7328153,4.9210037e-05,118.57556,0.03503069,0.61656463,None,None,None
25410004,0.8911773,4.9190043e-05,117.82127,103.9191,0.5504842,47772.546663602196,47772.54673119386,79531.33333333333
25420006,0.95977366,4.917005e-05,117.32696,0.03543448,0.44329733,None,None,None
25430006,0.7489577,4.9150043e-05,118.08107,1.177294,0.35882035,None,None,None
25440006,0.6927081,4.913004e-05,119.23305,0.06812906,0.40186626,None,None,None
25450006,0.67804664,4.9110044e-05,119.78612,0.0053037843,0.511685,None,None,None
25460005,0.6710154,4.9090042e-05,119.03395,0.01482929,0.44527277,None,None,None
25470007,0.69385237,4.9070044e-05,118.87433,0.06544547,0.41148773,None,None,None
25480008,0.71326315,4.905004e-05,119.26521,0.006689205,0.40578434,None,None,None
25490007,0.69852453,4.903004e-05,119.19015,0.038505718,0.5155491,None,None,None
25500008,0.6527464,4.9010036e-05,118.289505,0.082874216,0.48188457,None,None,None
25510005,0.6520263,4.899004e-05,117.44912,0.038548816,0.58387196,None,None,None
25520006,0.6657079,4.8970047e-05,118.084984,0.050018746,0.76164615,None,None,None
25530005,0.65423375,4.895004e-05,117.88563,0.025842333,0.5510631,None,None,None
25540007,0.7947817,4.893004e-05,115.045616,35.66675,0.49496093,47702.708203315735,47702.70823484659,79650.0
25550006,0.84690166,4.8910042e-05,115.66837,2.9166245,0.46122545,None,None,None
25560004,0.81895715,4.8890044e-05,115.76573,3.4467568,0.5098699,None,None,None
25570007,0.81563693,4.8870043e-05,116.28264,0.0357605,0.48184547,None,None,None
25580008,0.86732596,4.8850037e-05,116.9597,0.51349807,0.5487406,None,None,None
25590008,0.8711884,4.8830036e-05,118.32244,0.38067693,0.44113705,None,None,None
25600005,0.8671473,4.8810038e-05,118.7963,0.00536887,0.5581852,None,None,None
25610007,0.89090675,4.8790043e-05,117.59286,0.06006363,0.49231473,None,None,None
25620008,0.7801833,4.8770038e-05,116.04761,3.3246949,0.58151895,None,None,None
25630005,0.6398647,4.8750044e-05,119.128235,0.061552085,0.42113525,None,None,None
25640007,0.62257135,4.8730046e-05,118.51637,0.0033939034,0.41033563,None,None,None
25650006,0.6434953,4.8710044e-05,118.69216,0.017922299,0.39940602,None,None,None
25660008,0.6513183,4.869004e-05,117.43236,0.048437785,0.54602873,None,None,None
25670008,0.7109317,4.867004e-05,117.93184,0.042184524,0.5279094,None,None,None
25680005,0.7690707,4.8650043e-05,117.40408,0.14237133,0.50346,None,None,None
25690004,0.80617964,4.8630045e-05,118.256294,0.015882108,0.53504115,None,None,None
25700007,0.8228668,4.8610047e-05,118.3036,0.016859228,0.6322231,None,None,None
25710006,0.8410763,4.8590042e-05,118.49321,0.037225883,0.54583937,None,None,None
25720004,0.8418819,4.8570048e-05,118.07223,0.08804595,0.47510204,None,None,None
25730006,0.80752605,4.8550046e-05,118.32376,0.06312218,0.47533482,None,None,None
25740008,0.8164728,4.8530044e-05,117.26493,0.03646466,0.4731428,None,None,None
25750005,0.96060574,4.8510043e-05,116.52125,0.21269028,0.47283953,None,None,None
25760006,0.9619825,4.8490045e-05,116.788216,1.5544511,0.5438263,None,None,None
25770007,0.9455758,4.8470043e-05,117.05435,0.058728494,0.56367385,None,None,None
25780005,0.9072127,4.8450045e-05,118.152794,0.034287326,0.5558189,None,None,None
25790004,0.8897806,4.8430047e-05,116.96009,0.038318984,0.6112616,None,None,None
25800007,0.7770664,4.8410046e-05,115.866425,0.08480756,0.5317938,None,None,None
25810006,0.73417467,4.839004e-05,117.28313,160.81026,0.53686076,47401.0944519639,47401.094489124414,79645.4
25820007,0.8352619,4.8370042e-05,118.20832,0.018151455,0.575498,None,None,None
25830005,0.9227113,4.8350044e-05,118.61504,0.006319129,0.5848165,None,None,None
25840006,0.863873,4.8330046e-05,119.3958,0.0017008584,0.5427099,None,None,None
25850004,0.8561864,4.831005e-05,119.4989,0.0025316176,0.52786386,None,None,None
25860005,0.8139645,4.8290047e-05,119.73187,0.009513042,0.48949224,None,None,None
25870005,0.7950794,4.8270045e-05,119.85577,0.010084009,0.62368906,None,None,None
25880004,0.82607996,4.8250047e-05,118.99872,0.06946954,0.4136874,None,None,None
25890005,0.8475767,4.8230046e-05,118.49957,0.033331595,0.4208142,None,None,None
25900004,0.7627317,4.8210044e-05,115.39626,7.710878,0.56014025,None,None,None
25910008,0.80425674,4.8190042e-05,114.1867,7.4038377,0.5481365,None,None,None
25920007,0.86498076,4.8170044e-05,114.72977,3.7205772,0.41810602,None,None,None
25930004,0.8979522,4.8150043e-05,116.92844,0.049464185,0.5407269,None,None,None
25940005,0.9254936,4.8130045e-05,113.88714,0.13252306,0.5094976,None,None,None
25950007,0.9602791,4.8110047e-05,114.79645,31.555014,0.4578994,45428.77769395709,45428.777851231396,79716.0
25960005,0.95235074,4.8090045e-05,116.08886,0.05688465,0.59811324,None,None,None
25970005,0.8853086,4.8070044e-05,116.43001,0.0301939,0.7147409,None,None,None
25980006,0.84934205,4.8050046e-05,114.966125,0.13988808,0.541819,None,None,None
25990007,0.71351147,4.8030044e-05,111.44835,79.438324,0.57380664,20727.0364865462,20727.03650393337,35145.333333333336
26000005,0.74626285,4.8010046e-05,115.9043,0.12573086,0.5789857,None,None,None
26010008,0.87914604,4.799004e-05,116.49242,0.057938755,0.51975846,None,None,None
26020008,0.8885894,4.797004e-05,116.01603,2.7586665,0.4327515,None,None,None
26030005,0.7591294,4.795004e-05,109.671814,16.34682,0.4970478,None,None,None
26040004,0.7701807,4.7930043e-05,113.04104,4.411426,0.50534797,None,None,None
26050004,0.80541915,4.791005e-05,114.18878,1.3609207,0.4242187,None,None,None
26060006,0.79846627,4.7890047e-05,112.31747,3.9179509,0.51359993,None,None,None
26070006,0.81263125,4.7870046e-05,109.216225,6.1264887,0.5040264,None,None,None
26080006,0.8831834,4.7850044e-05,112.70645,0.30072713,0.5136777,None,None,None
26090005,0.89071894,4.7830046e-05,116.23415,0.099708095,0.558622,None,None,None
26100007,0.8830274,4.7810045e-05,117.744576,0.013784846,0.54241025,None,None,None
26110004,0.798795,4.7790043e-05,117.92824,0.013627028,0.6180183,None,None,None
26120004,0.7579363,4.777005e-05,113.388245,0.7938429,0.5569528,None,None,None
26130008,0.5720184,4.7750043e-05,114.537544,18.286688,0.5372993,19108.414147734642,19108.41414400935,34900.0
26140005,0.58388394,4.7730042e-05,115.27897,0.89464056,0.49275556,None,None,None
26150006,0.6830648,4.7710048e-05,112.85447,4.221787,0.47341838,None,None,None
26160005,0.7205216,4.7690046e-05,101.562614,11.602148,0.61008704,20230.71839056164,20230.718500077724,34915.0
26170005,0.6478593,4.7670048e-05,106.6123,58.577705,0.59405655,19606.25246044062,19606.25244438462,35050.5
26180006,0.7081315,4.7650046e-05,104.4051,81.699715,0.65619004,858.927568141371,858.9275616724044,2145.75
26190004,0.68375856,4.7630045e-05,107.80932,128.09238,0.66010016,757.9564199149609,757.9564200267196,2034.75
26200007,0.7708827,4.7610043e-05,110.91322,2.9397628,0.4738549,None,None,None
26210007,0.8466696,4.759004e-05,111.46574,2.264412,0.48576313,None,None,None
26220004,0.8726201,4.7570047e-05,115.27095,0.09325158,0.4421548,None,None,None
26230007,0.8970883,4.7550046e-05,117.45478,0.04665121,0.52267015,None,None,None
26240008,0.9000469,4.753004e-05,118.11494,0.006327181,0.643076,None,None,None
26250004,0.83196425,4.7510042e-05,118.16141,0.00338239,0.56530917,None,None,None
26260004,0.82830065,4.7490048e-05,117.30994,0.035006974,0.49426365,None,None,None
26270005,0.7804962,4.7470046e-05,116.9431,0.099139795,0.45805812,None,None,None
26280006,0.7663617,4.745005e-05,117.83604,0.037492447,0.53159964,None,None,None
26290008,0.78012455,4.7430043e-05,118.181046,0.041901857,0.6377623,None,None,None
26300007,0.8041717,4.7410045e-05,114.32939,3.9962418,0.5181349,None,None,None
26310007,0.8293739,4.7390044e-05,111.761566,23.472591,0.5356672,19721.07147681713,19721.07143653184,35290.0
26320006,0.7267436,4.7370046e-05,113.26854,0.1887073,0.505676,None,None,None
26330004,0.6558709,4.7350048e-05,116.17671,0.039243966,0.5490341,None,None,None
26340005,0.62610894,4.733005e-05,117.38488,0.007763295,0.7035675,None,None,None
26350008,0.61528885,4.731004e-05,117.164825,0.017618854,0.72050023,None,None,None
26360007,0.6120534,4.7290043e-05,110.69965,3.6051617,0.5177127,20384.957933992147,20384.957839749753,35209.0
26370006,0.68802446,4.727004e-05,111.1662,33.458378,0.59770983,20550.74313897267,20550.74310394004,35315.0
26380004,0.7045905,4.7250047e-05,115.73875,0.023591803,0.74263656,None,None,None
26390004,0.83707947,4.7230045e-05,117.582184,0.15525839,0.41593662,None,None,None
26400006,0.78441226,4.7210047e-05,116.41952,6.106934,0.4411451,None,None,None
26410008,0.7269384,4.7190042e-05,110.96209,62.536114,0.5139214,12590.983389049768,12590.983368329704,22444.0
26420007,0.66500473,4.717004e-05,114.25926,10.153972,0.61604285,12143.013494729996,12143.013468198478,21131.0
26430007,0.6517125,4.7150043e-05,117.52685,0.007074197,0.63521254,None,None,None
26440005,0.7228521,4.7130045e-05,117.61367,0.0073775486,0.48775616,None,None,None
26450008,0.7673547,4.7110043e-05,116.75317,0.029795999,0.5724522,None,None,None
26460004,0.79179114,4.7090045e-05,116.12659,0.053285573,0.72483116,None,None,None
26470008,0.7897919,4.7070047e-05,116.756714,0.012437737,0.6873961,None,None,None
26480005,0.76622695,4.705004e-05,116.87705,0.0035976965,0.5083845,None,None,None
26490005,0.7805476,4.7030044e-05,114.144104,0.11448548,0.5049397,None,None,None
26500008,0.6537106,4.7010046e-05,112.25898,1.2971718,0.54502046,None,None,None
26510007,0.5754645,4.699004e-05,113.00297,0.2621233,0.6351792,None,None,None
26520005,0.5433891,4.6970046e-05,113.647835,0.12773682,0.755206,None,None,None
26530007,0.5426955,4.6950045e-05,113.64525,0.111632444,0.6797605,None,None,None
26540008,0.5874101,4.6930043e-05,104.42552,9.493161,0.6438541,20683.553250968456,20683.55331055075,35192.0
26550008,0.56192696,4.691004e-05,113.11984,23.394018,0.5236179,20616.471952021122,20616.47196375206,35315.0
26560007,0.5472378,4.6890043e-05,117.02992,0.0644788,0.6114211,None,None,None
26570006,0.68491876,4.6870045e-05,117.885544,0.01261656,0.64819145,None,None,None
26580004,0.6542343,4.6850048e-05,118.010895,0.0125610465,0.6312095,None,None,None
26590004,0.6607946,4.683005e-05,117.66986,0.032560118,0.6557746,None,None,None
26600007,0.7077081,4.6810044e-05,114.52516,10.935387,0.5240814,20713.09930753708,20713.09914278984,35192.0
26610004,0.6984798,4.6790046e-05,119.425896,0.0070606507,0.6617163,None,None,None
26620006,0.77188563,4.6770045e-05,119.22791,0.007646124,0.48816338,None,None,None
26630004,0.7698163,4.6750047e-05,118.93099,0.02134655,0.34645665,None,None,None
26640007,0.80657035,4.673005e-05,119.75217,0.011349769,0.42319664,None,None,None
26650005,0.8074494,4.6710047e-05,119.291565,0.010718373,0.4315793,None,None,None
26660007,0.8692929,4.6690042e-05,118.0299,0.016366303,0.57932806,None,None,None
26670005,0.8870017,4.6670048e-05,115.29648,0.2623675,0.54674387,None,None,None
26680005,0.62673926,4.6650046e-05,110.346664,9.1523285,0.556005,None,None,None
26690005,0.5658149,4.6630048e-05,108.32126,14.471033,0.6443931,None,None,None
26700006,0.48786572,4.6610046e-05,112.45989,5.4461513,0.5180231,None,None,None
26710008,0.41609,4.6590045e-05,114.11545,1.1390971,0.41747084,None,None,None
26720005,0.49061677,4.6570043e-05,101.81271,18.932985,0.5863396,19546.78703570366,19546.787044890225,35602.0
26730005,0.48882568,4.655005e-05,111.662445,32.741497,0.41286582,20155.794591724873,20155.794565495104,35733.5
26740008,0.44335324,4.6530044e-05,118.03125,0.04559673,0.49813366,None,None,None
26750004,0.62758887,4.6510046e-05,117.73225,0.015629428,0.45772952,None,None,None
26760007,0.63476735,4.649005e-05,115.8617,0.4676323,0.38835555,None,None,None
26770008,0.69162095,4.6470042e-05,109.7501,10.030202,0.49800134,20451.78945171833,20451.789451550692,35692.5
26780005,0.6728036,4.645004e-05,113.66872,18.465885,0.48493558,20941.27659547329,20941.27662306279,35438.0
26790004,0.6588678,4.6430046e-05,118.45895,0.00863176,0.55872166,None,None,None
26800008,0.7122156,4.6410045e-05,118.72431,0.00472687,0.5121876,None,None,None
26810004,0.77563536,4.6390047e-05,118.05469,0.042505745,0.46745586,None,None,None
26820007,0.8258274,4.637005e-05,119.12818,0.013840565,0.51705444,None,None,None
26830006,0.8593419,4.6350044e-05,119.262405,0.0035153714,0.44995508,None,None,None
26840006,0.8926119,4.6330046e-05,119.21927,0.0050747837,0.59629774,None,None,None
26850007,0.89339346,4.6310044e-05,117.33065,0.02150594,0.6240613,None,None,None
26860005,0.67766094,4.6290046e-05,117.83951,0.05866623,0.46703187,None,None,None
26870006,0.5717936,4.627005e-05,118.49811,0.069990106,0.3782485,None,None,None
26880004,0.58948755,4.625005e-05,118.68032,0.0077324854,0.5112556,None,None,None
26890007,0.56716865,4.623005e-05,118.07338,0.0069249207,0.5905318,None,None,None
26900007,0.5649339,4.6210043e-05,111.14235,2.0283942,0.41362828,21257.59378325939,21257.59367404878,35848.0
26910006,0.64557856,4.6190045e-05,109.21539,68.797554,0.6706142,21187.606905043125,21187.606890052557,35955.5
26920007,0.5612649,4.6170047e-05,117.66685,0.02041224,0.51069665,None,None,None
26930006,0.7152593,4.6150042e-05,118.39511,0.01090823,0.5264684,None,None,None
26940004,0.73630875,4.6130048e-05,118.76324,0.0426593,0.389476,None,None,None
26950006,0.7499683,4.6110046e-05,118.778465,0.02564653,0.3966931,None,None,None
26960005,0.73999864,4.6090052e-05,117.36351,0.030996412,0.40632954,None,None,None
26970004,0.78712136,4.6070047e-05,116.13577,1.624869,0.35313612,None,None,None
26980005,0.7882963,4.605005e-05,117.79222,0.4045728,0.33801347,None,None,None
26990005,0.73428977,4.6030047e-05,116.027794,0.24480352,0.40917966,None,None,None
27000004,0.8490753,4.601005e-05,116.62313,4.504215,0.46991834,None,None,None
27010004,0.86320925,4.599005e-05,117.93608,0.05516429,0.50907105,None,None,None
27020007,0.8491755,4.597005e-05,117.67021,0.022787433,0.54853046,None,None,None
27030007,0.8677969,4.5950044e-05,116.5517,0.023632217,0.6757828,None,None,None
27040007,0.8174975,4.5930043e-05,115.82508,0.050789654,0.5473856,None,None,None
27050004,0.6378051,4.591005e-05,116.642715,0.08038627,0.36631212,None,None,None
27060004,0.57342726,4.589005e-05,116.61836,0.028631687,0.38983586,None,None,None
27070006,0.4978957,4.587005e-05,116.68669,0.01782442,0.49397492,None,None,None
27080006,0.5031496,4.5850044e-05,113.80301,0.22314358,0.5296491,None,None,None
27090008,0.60427976,4.5830042e-05,107.26109,57.165565,0.5278605,21255.40362296502,21255.40355499834,36050.333333333336
27100004,0.5341064,4.5810044e-05,117.440834,0.0078065386,0.64084405,None,None,None
27110004,0.67522526,4.579005e-05,118.552895,0.013845737,0.48730144,None,None,None
27120005,0.7217028,4.5770048e-05,117.938156,0.050530396,0.48955727,None,None,None
27130007,0.67945707,4.5750046e-05,112.86742,3.5652764,0.4643728,None,None,None
27140005,0.67932695,4.5730045e-05,115.67719,33.516617,0.39850256,20903.099041461945,20903.098954960704,35733.0
27150007,0.69196427,4.5710047e-05,117.59196,0.1162742,0.3994596,None,None,None
27160005,0.6757,4.569005e-05,118.642456,0.016621491,0.5613953,None,None,None
27170006,0.69156075,4.5670047e-05,118.66974,0.023250991,0.6265909,None,None,None
27180006,0.7740912,4.5650046e-05,117.733955,0.07586944,0.54595894,None,None,None
27190004,0.76745564,4.563005e-05,116.7681,16.813744,0.40727752,46546.834408417344,46546.8344797343,79618.0
27200004,0.7643197,4.561005e-05,118.04923,2.8887153,0.3940982,None,None,None
27210005,0.7661331,4.5590048e-05,117.92511,0.034013014,0.47096628,None,None,None
27220004,0.8280279,4.557005e-05,114.586395,0.03792265,0.6282238,None,None,None
27230008,0.8619601,4.555005e-05,114.3943,0.033604644,0.46335998,None,None,None
27240006,0.8520147,4.5530043e-05,115.181946,0.040277798,0.4943812,None,None,None
27250005,0.84937507,4.551005e-05,115.079834,0.018982664,0.5301319,None,None,None
27260007,0.7605117,4.5490044e-05,115.30526,0.03347648,0.6115559,None,None,None
27270006,0.7024721,4.5470042e-05,113.70998,0.43449196,0.5956843,None,None,None
27280007,0.6129113,4.5450048e-05,118.283066,0.033694647,0.5402285,None,None,None
27290008,0.6060717,4.5430043e-05,117.36035,0.039981782,0.6161833,None,None,None
27300004,0.71268535,4.541005e-05,112.60632,8.230874,0.6103715,None,None,None
27310008,0.7493411,4.5390047e-05,116.257256,4.097024,0.50337917,None,None,None
27320005,0.74377704,4.5370045e-05,116.72304,0.017949771,0.5648351,None,None,None
27330006,0.7725584,4.5350047e-05,115.740845,0.04133393,0.42740098,None,None,None
27340004,0.7880225,4.533005e-05,116.37824,0.035046794,0.49609694,None,None,None
27350004,0.74321055,4.531005e-05,117.22602,0.012350881,0.4998552,None,None,None
27360007,0.71663845,4.5290046e-05,118.092354,0.011682297,0.6058748,None,None,None
27370005,0.6805323,4.5270048e-05,118.69007,0.06226446,0.5779488,None,None,None
27380004,0.65629655,4.5250046e-05,118.35294,23.701754,0.4666213,21035.522739887238,21035.522736541927,35620.0
27390004,0.65881944,4.5230052e-05,119.54529,0.049551822,0.4964661,None,None,None
27400006,0.6929967,4.521005e-05,118.68357,0.057427578,0.44909853,None,None,None
27410005,0.7861674,4.519005e-05,118.3192,0.040104676,0.37142405,None,None,None
27420008,0.81379,4.5170043e-05,118.154625,0.054640878,0.45540705,None,None,None
27430008,0.6322341,4.5150042e-05,115.73075,0.2631939,0.5550617,None,None,None
27440004,0.57868916,4.5130048e-05,107.7728,17.953743,0.48322242,7212.936064004898,7212.936143413186,12551.0
27450006,0.59276724,4.511005e-05,109.7835,5.8739586,0.5197014,None,None,None
27460007,0.5559598,4.5090048e-05,112.031944,2.0632226,0.45026407,None,None,None
27470005,0.5621815,4.5070046e-05,114.861275,0.04463532,0.46113697,None,None,None
27480005,0.66530234,4.505005e-05,114.158264,1.1799526,0.49043918,None,None,None
27490005,0.68708193,4.503005e-05,113.49562,46.001587,0.5686181,45991.518619637936,45991.518545720726,79546.5
27500006,0.6330605,4.501005e-05,113.697716,36.275303,0.4029224,33694.07644671202,33694.07635023445,57815.5
27510008,0.698554,4.4990044e-05,116.44338,0.03542871,0.47431773,None,None,None
27520006,0.6897794,4.4970046e-05,116.74378,0.042076398,0.4494134,None,None,None
27530005,0.6109037,4.4950048e-05,114.18288,19.811321,0.40621692,10157.306133270264,10157.306024573743,17802.0
27540008,0.6277652,4.4930046e-05,116.19419,0.101304255,0.46108937,None,None,None
27550008,0.69718176,4.4910044e-05,116.26197,0.0147634335,0.5270259,None,None,None
27560008,0.7585772,4.4890043e-05,116.07616,0.023819925,0.5421518,None,None,None
27570004,0.70011365,4.487005e-05,115.29773,2.2557912,0.41735727,None,None,None
27580007,0.7234932,4.485005e-05,114.91265,51.263664,0.4599823,46877.17094874382,46877.171032980084,79577.0
27590008,0.81815004,4.4830045e-05,116.40069,0.022021156,0.4706911,None,None,None
27600005,0.8314006,4.4810047e-05,117.564354,0.0067309514,0.47004882,None,None,None
27610007,0.8130201,4.479005e-05,117.936905,0.005854153,0.43354487,None,None,None
27620008,0.8485384,4.4770044e-05,114.81394,0.1269463,0.50929683,None,None,None
27630006,0.90953463,4.4750042e-05,115.11533,0.033875138,0.44839302,None,None,None
27640008,0.83211464,4.4730044e-05,116.253235,0.0059274165,0.5352788,None,None,None
27650008,0.7297264,4.4710043e-05,116.7534,0.009165309,0.62488234,None,None,None
27660005,0.6358113,4.469005e-05,116.86142,0.050097656,0.6522673,None,None,None
27670008,0.6926377,4.4670047e-05,105.38323,40.149998,0.65281355,20435.8618337512,20435.86177933961,35346.5
27680006,0.6986543,4.4650045e-05,116.316696,13.568947,0.46376008,20525.903317928314,20525.90330888331,35537.0
27690008,0.7742117,4.4630047e-05,118.33057,0.010231616,0.42037573,None,None,None
27700008,0.72977704,4.4610042e-05,119.04623,0.004876095,0.47586185,None,None,None
27710007,0.73459375,4.4590044e-05,116.128654,0.9480559,0.535701,None,None,None
27720004,0.7610324,4.457005e-05,113.84035,6.995838,0.5190543,20646.29565155506,20646.29566718638,35750.0
27730006,0.76051706,4.4550052e-05,119.10389,0.0029057479,0.4641781,None,None,None
27740006,0.7567371,4.4530047e-05,119.24826,0.004871172,0.40342078,None,None,None
27750004,0.74508625,4.4510052e-05,119.01207,0.013472316,0.43511057,None,None,None
27760005,0.7761635,4.4490047e-05,117.63541,0.032248776,0.41090593,None,None,None
27770006,0.81045014,4.447005e-05,117.93396,0.056328464,0.5049801,None,None,None
27780005,0.7772398,4.4450047e-05,118.972755,0.004811319,0.55447966,None,None,None
27790005,0.7566166,4.443005e-05,118.65368,0.006265453,0.54599154,None,None,None
27800007,0.81389964,4.4410048e-05,115.82262,0.035629004,0.4943006,None,None,None
27810005,0.63272226,4.439005e-05,117.248695,0.028971763,0.5027756,None,None,None
27820008,0.54111004,4.4370045e-05,118.41945,0.0051083723,0.61841923,None,None,None
27830005,0.54309434,4.4350047e-05,118.27612,0.008848845,0.6435457,None,None,None
27840008,0.5677912,4.433005e-05,116.90493,0.029907543,0.5690228,None,None,None
27850007,0.5470763,4.4310043e-05,113.35784,0.14502855,0.65875155,None,None,None
27860008,0.59212357,4.4290045e-05,115.7999,0.121051885,0.5551551,None,None,None
27870004,0.63696223,4.4270048e-05,116.69016,0.0735346,0.41827327,None,None,None
27880004,0.5657298,4.4250053e-05,113.760994,4.0359316,0.46336088,None,None,None
27890005,0.66026413,4.4230048e-05,115.28641,3.2793958,0.49438545,None,None,None
27900008,0.67726356,4.4210046e-05,115.57242,0.034699142,0.5576657,None,None,None
27910005,0.70823246,4.4190045e-05,116.679016,0.0207708,0.46908513,None,None,None
27920005,0.71090645,4.417005e-05,116.79783,0.03398501,0.51759726,None,None,None
27930005,0.68998855,4.4150052e-05,114.85674,1.361538,0.5272335,None,None,None
27940004,0.72084594,4.4130054e-05,116.795784,1.6402664,0.5769907,None,None,None
27950007,0.72564,4.4110046e-05,118.51162,0.007137532,0.6711654,None,None,None
27960004,0.73305535,4.409005e-05,118.97691,0.005103759,0.52022165,None,None,None
27970004,0.731963,4.4070053e-05,119.04453,0.0048309937,0.57891434,None,None,None
27980004,0.7105658,4.405005e-05,118.512856,0.014038493,0.45802838,None,None,None
27990007,0.72085357,4.403005e-05,118.571014,0.7569417,0.36814862,None,None,None
28000008,0.76926214,4.4010045e-05,118.30378,3.750413,0.42169836,None,None,None
28010006,0.8126347,4.3990047e-05,114.67375,2.16644,0.5132977,None,None,None
28020007,0.70084983,4.397005e-05,115.7313,0.02197946,0.58580506,None,None,None
28030007,0.66090715,4.3950044e-05,116.58823,0.012975301,0.5696166,None,None,None
28040007,0.6263526,4.3930046e-05,117.34689,0.019547168,0.6316552,None,None,None
28050007,0.5852541,4.3910048e-05,118.15243,0.015100041,0.6742729,None,None,None
28060005,0.49843004,4.389005e-05,116.77818,0.059798755,0.58457935,None,None,None
28070008,0.66293967,4.3870048e-05,113.7951,34.6773,0.43217197,47278.405819028616,47278.40578971058,79619.0
28080005,0.683791,4.3850046e-05,115.438774,18.728931,0.3688292,47372.26158618927,47372.26154252142,79627.0
28090007,0.7134374,4.3830045e-05,115.5831,0.3098622,0.5017883,None,None,None
28100005,0.7181851,4.381005e-05,117.44897,0.041034717,0.5049935,None,None,None
28110006,0.69312465,4.379005e-05,118.427414,0.005734449,0.5880183,None,None,None
28120006,0.7452125,4.3770047e-05,117.44635,0.7254078,0.46693212,None,None,None
28130008,0.7548013,4.375005e-05,118.58881,16.696394,0.33796373,47292.37995696068,47292.3799174279,79614.0
28140006,0.74695677,4.3730048e-05,118.46072,0.030277733,0.35232267,None,None,None
28150004,0.72453624,4.371005e-05,118.81666,0.039136194,0.35834515,None,None,None
28160004,0.7149091,4.3690052e-05,119.124374,0.010641469,0.58408886,None,None,None
28170005,0.72593105,4.3670054e-05,118.348015,0.034853872,0.53790927,None,None,None
28180008,0.68904656,4.3650045e-05,118.540276,0.0076716216,0.6911231,None,None,None
28190006,0.67457986,4.3630047e-05,118.89463,0.0058192397,0.6241379,None,None,None
28200005,0.72135454,4.361005e-05,115.98045,0.08717883,0.6288277,None,None,None
28210004,0.5477087,4.359005e-05,115.09377,0.024111498,0.5982903,None,None,None
28220004,0.42015478,4.3570053e-05,116.47193,0.028948124,0.7304539,None,None,None
28230005,0.4496525,4.355005e-05,116.62271,0.042014234,0.65737337,None,None,None
28240007,0.47300202,4.353005e-05,116.909706,0.03738641,0.51601493,None,None,None
28250006,0.5355098,4.351005e-05,115.65635,0.45986062,0.5099497,None,None,None
28260005,0.6604141,4.349005e-05,109.402,80.2073,0.52444893,16122.125154614449,16122.12514819391,27532.75
28270008,0.6245043,4.3470045e-05,112.67698,29.336403,0.47916093,717.494940161705,717.4949381314218,1649.0
28280006,0.6276976,4.3450043e-05,110.777695,29.060368,0.5539822,1196.7582644025485,1196.7582777490218,2494.3333333333335
28290005,0.67711574,4.343005e-05,114.65318,0.23906331,0.39789957,None,None,None
28300004,0.63660675,4.341005e-05,115.93615,0.040700287,0.5255827,None,None,None
28310004,0.70492935,4.3390053e-05,115.92816,36.000896,0.38422018,47394.62198972702,47394.62204630673,79529.0
28320008,0.7256674,4.3370048e-05,116.927246,0.060451157,0.3825942,None,None,None
28330006,0.7399828,4.3350046e-05,117.66339,0.010048727,0.4899209,None,None,None
28340005,0.6827237,4.333005e-05,117.61874,0.03821248,0.54631114,None,None,None
28350008,0.683754,4.3310047e-05,117.21235,1.7389761,0.5135039,None,None,None
28360005,0.65736556,4.329005e-05,118.03979,0.014515521,0.6485933,None,None,None
28370005,0.7038858,4.327005e-05,116.76091,0.038409047,0.5917983,None,None,None
28380004,0.69301796,4.3250053e-05,117.29238,0.01539429,0.50048405,47037.55441778898,47037.5544674024,79599.0
28390008,0.714923,4.3230048e-05,117.80099,23.740135,0.40646997,None,None,None
28400005,0.6896223,4.3210046e-05,118.565254,0.0107768,0.4577213,None,None,None
28410004,0.68266785,4.3190055e-05,116.89909,0.059747715,0.56985164,None,None,None
28420008,0.52200603,4.317005e-05,118.86766,0.009869207,0.49540013,None,None,None
28430004,0.5420362,4.315005e-05,118.75451,0.0070514353,0.53622425,None,None,None
28440005,0.5795474,4.3130054e-05,118.71815,0.0083106775,0.45788202,None,None,None
28450005,0.6591266,4.311005e-05,116.30266,0.47631386,0.54572654,None,None,None
28460005,0.6604213,4.309005e-05,107.335365,34.9375,0.54376304,20750.83053943515,20750.83049613734,35744.333333333336
28470008,0.6216567,4.307005e-05,118.0364,0.03270463,0.4784054,None,None,None
28480004,0.7249338,4.3050048e-05,118.0682,0.009106727,0.39523104,None,None,None
28490004,0.7110519,4.3030053e-05,118.646095,0.005520764,0.30195606,None,None,None
28500006,0.7005402,4.3010048e-05,118.71257,0.0053041866,0.3838562,None,None,None
28510007,0.69841355,4.2990046e-05,118.98119,0.004524887,0.43244362,None,None,None
28520006,0.69116455,4.2970045e-05,119.08211,0.0049749194,0.34164762,None,None,None
28530006,0.73004216,4.295005e-05,118.224075,0.034943126,0.44993505,None,None,None
28540004,0.674449,4.2930053e-05,118.94135,20.517702,0.4326767,47151.43347120285,47151.433544807136,79478.0
28550007,0.68897533,4.2910055e-05,118.236534,0.014711852,0.39247572,None,None,None
28560008,0.7441047,4.2890046e-05,117.86825,0.027243562,0.32065699,None,None,None
28570006,0.71237427,4.2870048e-05,118.47799,0.021346763,0.444142,None,None,None
28580005,0.6782432,4.285005e-05,118.74329,0.004009864,0.46956953,None,None,None
28590008,0.7005395,4.2830045e-05,117.58787,0.050435722,0.47849536,None,None,None
28600005,0.54000455,4.281005e-05,119.28514,0.004005775,0.3944219,None,None,None
28610004,0.5035465,4.2790056e-05,119.39777,0.0035727166,0.43237215,None,None,None
28620007,0.51717025,4.277005e-05,119.27574,0.005858269,0.41379166,None,None,None
28630007,0.5512233,4.275005e-05,118.02121,0.017981041,0.43936843,None,None,None
28640006,0.6602732,4.2730047e-05,107.74508,66.13623,0.5758096,21140.161608765524,21140.16163046658,35651.333333333336
28650006,0.5785517,4.271005e-05,118.40455,0.006943996,0.56075835,None,None,None
28660005,0.7188103,4.269005e-05,116.30774,1.3896117,0.5176462,None,None,None
28670005,0.65875745,4.267005e-05,116.22947,24.555819,0.5179113,21037.06850373745,21037.068334557116,35676.0
28680004,0.581352,4.2650052e-05,118.85168,0.007686075,0.43510646,None,None,None
28690008,0.6071009,4.263005e-05,119.048004,0.0029614726,0.4210976,None,None,None
28700007,0.59793407,4.2610045e-05,119.24559,0.0035660272,0.404665,None,None,None
28710005,0.60502034,4.259005e-05,119.30301,0.006892492,0.42780328,None,None,None
28720004,0.6325792,4.2570053e-05,115.37104,3.7815328,0.47756776,21343.18168079853,21343.181714460254,36027.0
28730007,0.6255477,4.2550055e-05,118.62415,1.5198632,0.3618904,None,None,None
28740005,0.6488122,4.253005e-05,118.35306,0.08700208,0.3895081,None,None,None
28750008,0.65747523,4.2510048e-05,116.716125,9.970832,0.37931907,21531.505826473236,21531.505872115493,36288.0
28760007,0.61619353,4.2490046e-05,118.273384,0.007404648,0.49700913,None,None,None
28770006,0.6850402,4.247005e-05,117.40012,0.0400654,0.5564868,None,None,None
28780005,0.6356007,4.2450047e-05,118.45968,0.007867499,0.69330853,None,None,None
28790004,0.60182965,4.2430056e-05,118.93763,0.005209606,0.5658973,None,None,None
28800006,0.5897516,4.2410047e-05,119.25518,0.0038744994,0.43476933,None,None,None
28810007,0.57508427,4.239005e-05,118.91779,0.020213608,0.44132933,None,None,None
28820005,0.51708806,4.2370048e-05,116.124306,0.10390902,0.6698335,None,None,None
28830006,0.49220324,4.235005e-05,118.48818,0.0146991955,0.5061709,None,None,None
28840007,0.50085574,4.2330048e-05,118.00678,0.014729032,0.45984226,None,None,None
28850005,0.60968024,4.231005e-05,116.021736,1.4544259,0.57886297,None,None,None
28860008,0.68122053,4.229005e-05,115.83725,3.3221695,0.60085887,None,None,None
28870008,0.6429245,4.2270047e-05,117.2557,0.015703935,0.6564727,None,None,None
28880007,0.64361274,4.225005e-05,118.30101,0.011800036,0.5233636,None,None,None
28890008,0.6501677,4.2230047e-05,117.940605,0.01932576,0.3934422,None,None,None
28900004,0.6414978,4.221005e-05,117.69992,0.032768805,0.52817345,None,None,None
28910008,0.6019486,4.2190048e-05,118.81175,0.017169299,0.5241139,None,None,None
28920006,0.6270287,4.2170046e-05,118.945435,0.027932983,0.35919565,None,None,None
28930005,0.64074945,4.215005e-05,118.64914,0.028436739,0.4764656,None,None,None
28940004,0.6838436,4.2130054e-05,118.069466,1.5340247,0.48848233,None,None,None
28950006,0.6536381,4.2110052e-05,118.69301,0.015282489,0.47513494,None,None,None
28960004,0.668388,4.2090054e-05,118.27331,0.011303185,0.5091861,None,None,None
28970008,0.6915185,4.207005e-05,118.09293,0.02298725,0.48260188,None,None,None
28980006,0.8540952,4.2050047e-05,116.050705,0.19775073,0.5635553,None,None,None
28990007,0.8367077,4.2030046e-05,117.180695,0.027779588,0.47556156,None,None,None
29000005,0.825163,4.2010048e-05,117.690315,0.012872306,0.43401608,None,None,None
29010005,0.8460635,4.1990053e-05,117.65352,0.014269829,0.45317078,None,None,None
29020005,0.8312659,4.1970052e-05,117.62816,0.038125686,0.5571883,None,None,None
29030008,0.77823144,4.1950047e-05,117.83939,0.016802713,0.59044755,None,None,None
29040005,0.67925817,4.1930045e-05,116.65195,60.920006,0.51138085,47522.06628847122,47522.06620280072,79529.5
29050004,0.6025265,4.1910054e-05,118.89478,26.157524,0.46249032,47556.54631996155,47556.54627779126,79541.0
29060006,0.7449637,4.1890053e-05,118.80688,0.005306876,0.41241997,None,None,None
29070004,0.7403946,4.187005e-05,118.41308,0.076515,0.42602903,None,None,None
29080007,0.708445,4.1850053e-05,118.6147,0.027755326,0.42364565,None,None,None
29090007,0.74526966,4.1830048e-05,118.78463,0.01666326,0.45317343,None,None,None
29100004,0.74981034,4.181005e-05,113.6842,7.9232187,0.41624647,None,None,None
29110008,0.7122416,4.1790052e-05,111.43038,13.956598,0.39610922,25030.164701581,25030.16466602683,44199.0
29120006,0.71940327,4.177005e-05,119.25746,4.4598794,0.47515106,None,None,None
29130008,0.690549,4.175005e-05,117.51535,0.054750163,0.46231678,47614.103322029114,47614.10328646004,79509.0
29140007,0.7149208,4.1730047e-05,118.69412,69.65184,0.536393,None,None,None
29150007,0.7483862,4.171005e-05,119.09635,0.008203549,0.40450597,None,None,None
29160004,0.65610933,4.169005e-05,118.8593,0.01823935,0.3618987,None,None,None
29170008,0.7571947,4.167005e-05,116.98605,0.048024036,0.48351488,None,None,None
29180004,0.9124473,4.165005e-05,117.89332,0.5621671,0.5664991,None,None,None
29190008,0.87469006,4.163005e-05,118.62881,0.011976153,0.38811946,None,None,None
29200008,0.8771058,4.1610045e-05,118.739975,0.005138736,0.37135887,None,None,None
29210007,0.8826418,4.1590047e-05,118.99849,0.0059377826,0.31843132,None,None,None
29220007,0.8729263,4.157005e-05,117.98301,0.035638113,0.45199132,None,None,None
29230005,0.88102794,4.155005e-05,119.526886,0.005276401,0.35006443,None,None,None
29240005,0.866994,4.1530053e-05,119.832054,0.0042674066,0.3436908,None,None,None
29250007,0.8536044,4.151005e-05,118.26723,0.06424473,0.53558767,None,None,None
29260007,0.648577,4.149005e-05,113.43095,10.462973,0.45481944,8680.537838459015,8680.537830270827,14684.0
29270006,0.7145961,4.1470048e-05,117.50641,0.035038035,0.38271135,None,None,None
29280006,0.69328415,4.145005e-05,117.04859,2.0316942,0.28062266,31328.59219646454,31328.59224715829,52631.0
29290007,0.7739985,4.143005e-05,118.576225,7.7590804,0.33824223,None,None,None
29300005,0.72227705,4.141005e-05,116.24875,0.23278913,0.43347058,None,None,None
29310005,0.8654661,4.1390053e-05,111.54949,16.001469,0.4397665,31235.398907820385,31235.398888056476,52318.333333333336
29320004,0.9869503,4.1370055e-05,119.15671,0.0058171907,0.43180943,None,None,None
29330006,0.7550966,4.1350053e-05,117.99248,0.17401847,0.23663768,None,None,None
29340006,0.7108709,4.133005e-05,115.98659,3.849297,0.4386135,4204.594153285027,4204.594143606722,7088.0
29350004,0.70633316,4.1310053e-05,116.66223,0.8118647,0.46097064,None,None,None
29360004,0.6803115,4.1290055e-05,117.710045,0.0399695,0.41668573,None,None,None
29370005,0.6756579,4.127005e-05,118.203575,0.0036031983,0.52482104,None,None,None
29380004,0.6297404,4.1250052e-05,118.60504,0.0031244666,0.42130035,None,None,None
29390004,0.6322526,4.1230054e-05,118.09303,0.0082089305,0.37735516,None,None,None
29400004,0.6394878,4.1210056e-05,118.49545,0.0130355675,0.47418827,None,None,None
29410006,0.6356629,4.119005e-05,119.37812,0.003445442,0.32231408,None,None,None
29420005,0.6242938,4.1170053e-05,119.44785,0.0033913024,0.4011596,None,None,None
29430006,0.63055503,4.1150048e-05,118.65648,0.027266018,0.43533155,None,None,None
29440007,0.79659057,4.1130046e-05,118.37798,0.016179267,0.4903833,None,None,None
29450007,0.7926,4.111005e-05,119.15264,0.0043647527,0.4109911,None,None,None
29460008,0.8021611,4.1090047e-05,118.963974,0.008087741,0.37230268,None,None,None
29470004,0.7711159,4.1070052e-05,118.99898,0.013545774,0.46093607,None,None,None
29480008,0.80199444,4.105005e-05,118.70203,0.058377594,0.4633816,None,None,None
29490008,0.8147087,4.103005e-05,119.34771,0.015322032,0.5387616,None,None,None
29500006,0.82166874,4.101005e-05,119.53125,0.008829422,0.5285145,None,None,None
29510008,0.7929751,4.0990046e-05,119.08469,0.021498315,0.46041286,None,None,None
29520007,0.7742491,4.0970048e-05,108.52073,9.472906,0.5444735,None,None,None
29530008,0.68228424,4.0950046e-05,112.98513,4.8981924,0.4358427,None,None,None
29540004,0.6851727,4.0930052e-05,115.88305,0.31648612,0.4211532,47872.488085746765,47872.48803626001,79567.0
29550005,0.68726104,4.091005e-05,117.77729,12.943762,0.38963974,None,None,None
29560008,0.702641,4.089005e-05,116.74159,0.025109787,0.3506472,None,None,None
29570007,0.62616694,4.0870047e-05,118.917496,0.006676983,0.35243717,None,None,None
29580006,0.60884094,4.0850053e-05,119.113495,0.008761786,0.2978143,None,None,None
29590006,0.6400473,4.083005e-05,118.9888,0.015689665,0.3950505,None,None,None
29600004,0.6544094,4.0810057e-05,119.144035,0.004776189,0.4309834,None,None,None
29610007,0.6512688,4.079005e-05,119.414314,0.0020050725,0.35469037,None,None,None
29620008,0.64892834,4.0770046e-05,119.26821,0.028896015,0.3948323,None,None,None
29630008,0.6616571,4.075005e-05,118.61776,0.04481926,0.4285155,None,None,None
29640005,0.7012846,4.073005e-05,117.299255,0.21365316,0.43086442,None,None,None
29650004,0.7323251,4.0710052e-05,116.91505,0.20594569,0.43782172,None,None,None
29660008,0.7584962,4.069005e-05,116.97566,0.09263096,0.40064463,None,None,None
29670005,0.7816426,4.0670053e-05,117.47062,0.021029478,0.42882243,None,None,None
29680005,0.878989,4.0650055e-05,118.13234,0.009499351,0.43128544,None,None,None
29690005,0.88979024,4.0630053e-05,118.39919,0.0125057055,0.39574224,None,None,None
29700008,0.80419296,4.0610048e-05,116.8726,0.07091288,0.5210049,None,None,None
29710005,0.79646516,4.059005e-05,116.60677,134.50742,0.51408815,47429.21655138334,47429.2165526549,79584.66666666667
29720008,0.88397104,4.0570052e-05,119.11008,0.3902308,0.38103375,None,None,None
29730007,0.820862,4.055005e-05,119.51028,0.008709634,0.36367399,None,None,None
29740004,0.7160449,4.0530053e-05,119.83063,0.0028578215,0.33651704,None,None,None
29750005,0.69030696,4.0510055e-05,119.37366,0.008765143,0.37337872,None,None,None
29760004,0.70466894,4.0490053e-05,115.6006,4.3552165,0.5668279,None,None,None
29770007,0.6363665,4.047005e-05,115.408745,5.368646,0.41817778,None,None,None
29780006,0.62259215,4.0450053e-05,119.265396,0.040309586,0.34740117,None,None,None
29790005,0.597041,4.043005e-05,118.8893,0.008677984,0.39155486,None,None,None
29800008,0.6244702,4.041005e-05,117.809,0.0136994645,0.39980525,None,None,None
29810004,0.62764686,4.0390052e-05,118.89412,0.0066939374,0.44534475,None,None,None
29820006,0.61261123,4.0370054e-05,119.510056,0.0059672412,0.3727257,None,None,None
29830008,0.5982878,4.035005e-05,119.478004,0.008097215,0.42072946,None,None,None
29840004,0.73702216,4.033005e-05,117.59897,0.021612117,0.57297903,None,None,None
29850006,0.76929617,4.0310053e-05,119.07116,0.0063782902,0.49971157,None,None,None
29860004,0.73289174,4.0290055e-05,119.518585,0.004786581,0.3418923,None,None,None
29870006,0.69603425,4.0270053e-05,119.33623,0.008360498,0.38652247,None,None,None
29880005,0.69473356,4.0250052e-05,119.31047,0.014875179,0.33581638,None,None,None
29890008,0.7199809,4.023005e-05,118.03053,0.058872323,0.510991,None,None,None
29900005,0.78333557,4.0210052e-05,119.70275,0.0030858102,0.4388466,None,None,None
29910007,0.82425046,4.0190054e-05,119.56481,0.0075755804,0.40602493,None,None,None
29920006,0.7421131,4.017005e-05,114.802246,3.1640017,0.52379626,None,None,None
29930007,0.6970335,4.0150047e-05,110.059845,7.869236,0.49756876,None,None,None
29940005,0.66345495,4.0130053e-05,118.57716,0.02057227,0.45002475,None,None,None
29950005,0.63388705,4.0110055e-05,117.60056,0.07237901,0.49247107,47565.528749227524,47565.52869134396,79665.0
29960004,0.7376303,4.0090054e-05,117.682014,27.598825,0.36318958,None,None,None
29970005,0.72855574,4.0070056e-05,118.50799,0.017933914,0.38451594,None,None,None
29980007,0.65421915,4.005005e-05,119.63112,0.0036027548,0.3637216,None,None,None
29990008,0.65943396,4.0030045e-05,119.717415,0.002401927,0.27673578,None,None,None
30000006,0.6583282,4.001005e-05,119.545296,0.0036206793,0.36712584,None,None,None
30010007,0.6836265,3.999005e-05,119.39138,0.0163968,0.34690958,None,None,None
30020005,0.67872876,3.9970055e-05,119.66101,0.0022010508,0.31769308,None,None,None
30030008,0.7119156,3.995005e-05,118.89416,0.008494388,0.3524472,None,None,None
30040006,0.7261556,3.993005e-05,118.51603,0.02723239,0.39501166,None,None,None
30050005,0.9241927,3.9910054e-05,117.751236,0.032827083,0.47544146,None,None,None
30060006,0.96935314,3.9890052e-05,119.165054,0.0066403956,0.38235626,None,None,None
30070004,0.9543678,3.9870054e-05,119.09375,0.006171963,0.4188938,None,None,None
30080008,0.93751365,3.9850052e-05,117.3065,0.09278217,0.47774333,None,None,None
30090004,1.0235234,3.983005e-05,118.44509,22.5315,0.52139735,47782.85945510864,47782.85951548815,79600.0
30100008,1.0389435,3.9810053e-05,118.311005,0.0076673743,0.42387545,None,None,None
30110005,0.9113207,3.979005e-05,114.45204,32.121696,0.5819119,47655.92408156395,47655.92407793552,79645.0
30120006,1.0349799,3.9770053e-05,118.79329,101.29506,0.45014763,47701.554028987885,47701.55392944813,79642.0
30130004,0.92360383,3.975005e-05,118.09804,0.036487773,0.45446754,None,None,None
30140007,0.7347081,3.9730057e-05,119.05698,13.9833975,0.45694226,47499.07347513735,47499.0736419633,79633.0
30150007,0.745248,3.9710052e-05,119.87694,0.001313811,0.49433812,None,None,None
30160004,0.7235044,3.9690054e-05,119.69752,0.0035761122,0.50252086,None,None,None
30170005,0.72476757,3.9670056e-05,118.4085,0.73348963,0.45427632,None,None,None
30180006,0.6396167,3.9650055e-05,118.55107,0.066574425,0.52319026,None,None,None
30190006,0.62341493,3.9630053e-05,119.09243,0.01447167,0.6228573,None,None,None
30200004,0.628472,3.961005e-05,118.58732,0.0098125115,0.42114455,None,None,None
30210004,0.6235646,3.9590057e-05,117.761665,0.018310461,0.35377812,None,None,None
30220008,0.62325907,3.957005e-05,118.97739,0.008038153,0.3803233,None,None,None
30230006,0.61571175,3.955005e-05,118.93086,0.0048739254,0.3640778,None,None,None
30240005,0.69251984,3.9530052e-05,115.937584,0.028271472,0.5221358,None,None,None
30250004,0.8912658,3.9510054e-05,117.236115,0.018789664,0.6223857,None,None,None
30260006,0.8871376,3.9490056e-05,118.36366,0.005932733,0.6031877,None,None,None
30270006,0.8666459,3.947005e-05,118.75561,0.0059545226,0.4122533,None,None,None
30280004,0.8253848,3.9450053e-05,118.32378,0.010887062,0.40657854,None,None,None
30290006,0.75984406,3.943006e-05,117.13059,0.034942616,0.4871064,None,None,None
30300004,0.7457925,3.9410057e-05,118.05319,0.03219559,0.46862572,None,None,None
30310008,0.802457,3.9390052e-05,118.97676,0.005496836,0.4227298,None,None,None
30320007,0.73350346,3.9370047e-05,117.08867,0.06302804,0.48220512,None,None,None
30330006,0.72774076,3.9350052e-05,106.33661,11.197462,0.47054607,None,None,None
30340008,0.65039307,3.933005e-05,115.33618,0.14578372,0.5430205,None,None,None
30350004,0.66729623,3.9310053e-05,117.229385,0.029748503,0.47813708,None,None,None
30360004,0.6591743,3.929006e-05,115.65882,0.2036057,0.41986498,None,None,None
30370005,0.7193054,3.9270057e-05,117.047485,31.341732,0.42349777,47772.65764093399,47772.65761410445,79653.0
30380007,0.7505864,3.925005e-05,119.34012,0.003375256,0.38526106,None,None,None
30390005,0.6961777,3.923005e-05,119.00396,0.007399225,0.3083268,None,None,None
30400004,0.714467,3.9210052e-05,119.11824,0.012142034,0.3863714,None,None,None
30410007,0.68927985,3.9190054e-05,119.47797,0.0026229005,0.45071197,None,None,None
30420004,0.692974,3.9170052e-05,119.543205,0.002163541,0.39812636,None,None,None
30430007,0.7021815,3.9150058e-05,118.51224,0.008285593,0.46352643,None,None,None
30440008,0.67572385,3.9130053e-05,118.72779,0.016496442,0.44198537,None,None,None
30450008,0.7454322,3.9110048e-05,117.2464,1.2105861,0.40150714,None,None,None
30460008,0.7899066,3.909005e-05,117.80669,0.025636226,0.49097246,None,None,None
30470006,0.81019676,3.907005e-05,117.963524,0.026534503,0.36731473,None,None,None
30480005,0.87053734,3.9050057e-05,118.55748,0.0074903276,0.3452229,None,None,None
30490005,0.8520301,3.9030056e-05,118.36641,0.01724318,0.4217593,None,None,None
30500005,0.866195,3.9010054e-05,118.3507,0.030780414,0.38650674,None,None,None
30510008,0.8126239,3.8990052e-05,115.63899,20.15159,0.416678,47378.53226661682,47378.53224442154,79669.0
30520005,0.898062,3.8970054e-05,116.45658,64.23701,0.41656533,47476.538928978145,47476.538946293294,79663.0
30530005,0.92897326,3.8950056e-05,119.05174,0.079356,0.40145522,None,None,None
30540007,0.78217715,3.8930055e-05,119.53413,0.0052207336,0.3556006,None,None,None
30550006,0.7110747,3.8910053e-05,119.03063,0.018385073,0.340763,None,None,None
30560006,0.73793083,3.889005e-05,119.31036,0.0076017594,0.3954382,None,None,None
30570004,0.71691924,3.8870057e-05,117.82245,1.1308721,0.4183733,None,None,None
30580004,0.68746066,3.8850056e-05,117.89442,0.7081864,0.38681674,None,None,None
30590008,0.63150865,3.8830054e-05,118.78068,0.028959114,0.3608801,None,None,None
30600006,0.63555056,3.8810053e-05,118.44306,0.0096658,0.34351277,None,None,None
30610007,0.6351145,3.8790055e-05,117.24877,0.010355617,0.44524926,None,None,None
30620004,0.6312201,3.8770053e-05,117.730446,0.007314436,0.34276253,None,None,None
30630006,0.6284882,3.8750055e-05,119.07583,0.010622952,0.3821007,None,None,None
30640008,0.63388944,3.8730053e-05,117.37986,0.04252486,0.3993112,None,None,None
30650006,0.79503715,3.8710055e-05,117.09391,0.023463456,0.59249175,None,None,None
30660005,0.7885637,3.8690054e-05,119.008286,0.0037082448,0.5465542,None,None,None
30670005,0.7911661,3.8670056e-05,119.191284,0.0027119361,0.32402536,None,None,None
30680007,0.79984987,3.8650054e-05,119.082565,0.0055283466,0.34169137,None,None,None
30690005,0.82267654,3.8630056e-05,117.89218,0.0148762595,0.39970303,None,None,None
30700008,0.7002178,3.861005e-05,116.46496,17.397541,0.44366518,22138.389869213104,22138.389938168228,37338.0
30710005,0.734999,3.8590053e-05,113.69461,8.143649,0.37981433,22067.710595846176,22067.710605062544,37187.0
30720004,0.7274871,3.8570055e-05,110.2021,35.939564,0.48004073,8896.913094917933,8896.913068048656,15333.333333333334
30730008,0.7562391,3.8550053e-05,114.530556,10.320139,0.41654712,1244.7801471948624,1244.7801198214293,2773.0
30740006,0.78257644,3.8530055e-05,118.22612,0.020553943,0.41220227,None,None,None
30750008,0.744332,3.8510054e-05,118.625175,0.007365672,0.5058099,None,None,None
30760005,0.6919989,3.8490052e-05,118.34868,0.023582682,0.37163028,None,None,None
30770006,0.70649177,3.8470054e-05,117.45654,0.345206,0.35931033,None,None,None
30780006,0.69989985,3.8450053e-05,118.70753,29.790775,0.40786013,47848.41481947899,47848.414584457874,79592.0
30790007,0.71103644,3.8430055e-05,119.09872,0.0027311444,0.42190585,None,None,None
30800005,0.68913937,3.8410053e-05,119.117165,0.004211202,0.36700636,None,None,None
30810007,0.6819207,3.839005e-05,118.0033,0.026982779,0.39387113,None,None,None
30820007,0.6965374,3.837005e-05,118.33542,0.0050460813,0.39693868,None,None,None
30830008,0.68350303,3.835005e-05,118.59908,0.006203963,0.36051416,None,None,None
30840005,0.6758282,3.8330054e-05,118.529945,0.008640136,0.3892519,None,None,None
30850008,0.7539562,3.8310052e-05,117.87976,0.018775772,0.41491145,None,None,None
30860007,0.8057884,3.829005e-05,118.11985,0.009037848,0.5066097,None,None,None
30870006,0.8358666,3.827005e-05,118.55561,0.0060701175,0.44434237,None,None,None
30880004,0.8185806,3.825005e-05,118.23415,0.12501518,0.41560212,None,None,None
30890004,0.83640784,3.8230057e-05,118.75331,0.035236426,0.3945825,None,None,None
30900007,0.81919867,3.821006e-05,117.58393,16.15946,0.41491282,47643.73130321503,47643.73123434931,79623.0
30910006,0.7710985,3.8190054e-05,118.07765,0.013083413,0.47222346,None,None,None
30920006,0.7214058,3.8170052e-05,118.78269,0.008142764,0.46831274,None,None,None
30930005,0.79883516,3.8150054e-05,116.88628,0.78981143,0.5320548,None,None,None
30940008,0.7438625,3.8130052e-05,116.41367,0.7712587,0.46367908,None,None,None
30950004,0.7165375,3.8110054e-05,117.44016,16.483763,0.33087984,47773.882395386696,47773.882344678044,79614.0
30960008,0.66450095,3.8090056e-05,118.57066,0.013300819,0.3355566,None,None,None
30970008,0.6658922,3.807005e-05,118.12258,0.00844436,0.40023533,None,None,None
30980004,0.66141516,3.8050053e-05,118.48315,0.014353584,0.5630842,None,None,None
30990007,0.7016667,3.803006e-05,117.739876,0.044357147,0.45880967,None,None,None
31000006,0.65430766,3.8010054e-05,119.17122,0.36427033,0.2807912,None,None,None
31010006,0.65149385,3.7990052e-05,119.54442,0.002833591,0.28981024,None,None,None
31020004,0.6634743,3.7970054e-05,119.693,0.001052719,0.27283913,None,None,None
31030005,0.68135667,3.7950056e-05,118.92275,0.0026862132,0.4502798,None,None,None
31040004,0.69139653,3.7930055e-05,118.79841,0.0106193805,0.45035014,None,None,None
31050004,0.6978093,3.7910057e-05,118.467094,0.020739306,0.49448052,None,None,None
31060004,0.7418856,3.789006e-05,118.19793,0.12626448,0.45016193,None,None,None
31070005,0.7627273,3.7870057e-05,118.40272,0.03578924,0.42923766,None,None,None
31080008,0.79275376,3.785005e-05,118.87192,0.006539772,0.34256703,None,None,None
31090007,0.8043756,3.7830054e-05,118.92135,0.0045697996,0.38512978,None,None,None
31100006,0.7598162,3.7810052e-05,118.67256,0.005820938,0.4446493,None,None,None
31110008,0.7283324,3.7790054e-05,117.98574,0.08509835,0.43059617,None,None,None
31120008,0.7206271,3.777005e-05,116.547226,53.55754,0.54117405,47694.934391736984,47694.9345715642,79645.0
31130006,0.70124924,3.775005e-05,117.33238,29.872534,0.4380888,47765.348407268524,47765.348253428936,79655.0
31140004,0.675437,3.7730057e-05,117.78803,39.630455,0.4250587,47864.14508152008,47864.145056948066,79647.0
31150006,0.7033539,3.7710055e-05,117.99805,0.023528384,0.3961246,None,None,None
31160005,0.703719,3.7690053e-05,118.83115,0.010081552,0.42349368,None,None,None
31170005,0.67503154,3.7670055e-05,119.33556,0.0026960042,0.35440323,None,None,None
31180005,0.6879601,3.7650054e-05,118.61781,0.06478667,0.41446662,None,None,None
31190007,0.6922645,3.7630052e-05,118.920555,44.500946,0.4046177,47898.71382904053,47898.713919103146,79645.0
31200008,0.7269559,3.761005e-05,118.922905,0.0059081092,0.42095095,None,None,None
31210006,0.72685397,3.7590053e-05,118.86173,0.009582247,0.44425756,None,None,None
31220004,0.6847916,3.757006e-05,118.63386,0.0057791844,0.41414085,None,None,None
31230008,0.6557053,3.7550057e-05,118.80721,0.0067334548,0.3191399,None,None,None
31240007,0.6423167,3.753005e-05,118.938446,0.026612002,0.38830444,None,None,None
31250004,0.68089396,3.7510054e-05,117.9659,0.033504188,0.40372515,None,None,None
31260008,0.7011058,3.7490056e-05,117.48165,0.53198016,0.3565225,None,None,None
31270005,0.7579077,3.7470054e-05,114.54399,7.0449524,0.4995015,None,None,None
31280007,0.7456957,3.7450052e-05,110.25616,9.98352,0.531544,None,None,None
31290008,0.676203,3.7430047e-05,105.2226,18.509998,0.54067934,None,None,None
31300007,0.7329673,3.741005e-05,109.05771,37.3232,0.47581372,18958.260048121214,18958.260029498488,34994.5
31310007,0.71887165,3.7390055e-05,113.23842,23.229689,0.3774905,24093.57474899292,24093.57481082529,40851.0
31320004,0.7655242,3.7370057e-05,114.97175,7.495749,0.4188698,21550.046167850494,21550.04605523497,36198.0
31330007,0.78445345,3.7350055e-05,117.560776,0.016449053,0.49887472,None,None,None
31340007,0.80552185,3.7330054e-05,117.61334,0.3797087,0.44764358,None,None,None
31350005,0.707104,3.7310056e-05,118.43371,0.005305526,0.38613358,None,None,None
31360004,0.7102186,3.7290058e-05,118.82156,0.0032919091,0.3661529,None,None,None
31370008,0.6896282,3.7270056e-05,118.081696,0.0069988146,0.44231543,None,None,None
31380005,0.6970036,3.7250054e-05,118.19621,0.0062285494,0.3776103,None,None,None
31390006,0.6909294,3.7230056e-05,118.489746,0.003925414,0.43574125,None,None,None
31400008,0.6892797,3.721005e-05,118.05966,0.033417094,0.4506728,None,None,None
31410008,0.6618011,3.7190053e-05,117.96674,0.4123939,0.42951185,None,None,None
31420004,0.65230006,3.7170055e-05,118.13478,0.004025397,0.4635052,None,None,None
31430008,0.67178,3.7150054e-05,118.221115,0.007994918,0.58720005,None,None,None
31440006,0.6500905,3.7130056e-05,118.20649,0.0035241037,0.4726295,None,None,None
31450005,0.6651463,3.7110054e-05,118.37619,0.011751255,0.55992615,None,None,None
31460007,0.66142875,3.7090056e-05,118.64186,0.04166221,0.43139493,None,None,None
31470008,0.7141764,3.7070055e-05,118.61102,0.00535601,0.49829683,None,None,None
31480006,0.66659623,3.7050053e-05,118.132614,0.013876611,0.40984005,None,None,None
31490005,0.67935055,3.7030055e-05,118.38619,0.0061933976,0.5029954,None,None,None
31500006,0.5994897,3.7010057e-05,117.51066,0.062062837,0.49674648,None,None,None
31510006,0.6392449,3.6990055e-05,115.48798,3.7783573,0.42558464,None,None,None
31520004,0.61224306,3.6970057e-05,117.80942,0.069310114,0.50141346,None,None,None
31530008,0.6334944,3.6950052e-05,116.909195,39.434235,0.47220504,47491.60503530502,47491.6050818637,79528.0
31540004,0.64568996,3.6930058e-05,118.423615,1.5331833,0.44146967,None,None,None
31550007,0.6672624,3.691006e-05,118.09767,0.0055087605,0.40027174,None,None,None
31560005,0.6612644,3.6890055e-05,118.58553,0.008320363,0.48516375,None,None,None
31570008,0.6547763,3.6870053e-05,118.8124,0.0066776574,0.4264019,None,None,None
31580005,0.63557327,3.6850055e-05,119.5244,0.003615989,0.43523216,None,None,None
31590006,0.6833127,3.6830057e-05,118.946915,0.032580476,0.47096214,None,None,None
31600008,0.68116003,3.6810055e-05,119.48181,53.000042,0.44371542,47809.97915172577,47809.97904920578,79641.0
31610005,0.69934875,3.6790054e-05,119.406525,0.0021097139,0.55076414,None,None,None
31620008,0.7023478,3.6770052e-05,118.89047,0.007633741,0.46156925,None,None,None
31630006,0.6825957,3.675005e-05,119.02737,0.0167084,0.43568984,None,None,None
31640008,0.68282264,3.6730053e-05,119.05512,0.010893786,0.50296664,None,None,None
31650006,0.6885344,3.671005e-05,118.68199,0.010338815,0.45450485,None,None,None
31660006,0.7301032,3.6690057e-05,117.615234,0.03635211,0.4823855,None,None,None
31670007,0.6605344,3.6670055e-05,118.55232,0.009031078,0.4889554,None,None,None
31680005,0.71339417,3.6650054e-05,118.90455,0.00812095,0.45985484,None,None,None
31690005,0.74313205,3.663006e-05,118.22211,0.03787892,0.4496564,None,None,None
31700008,0.747071,3.6610054e-05,118.69646,14.693746,0.3758289,47354.0762424469,47354.07601861656,79619.0
31710005,0.6637168,3.6590056e-05,118.2033,0.012887512,0.45661324,None,None,None
31720006,0.6975794,3.6570058e-05,117.01514,0.053706802,0.5137907,47759.429245471954,47759.42932496965,79641.0
31730004,0.6470069,3.655006e-05,117.808014,50.84918,0.49473795,None,None,None
31740005,0.7056709,3.653006e-05,117.661606,0.12158617,0.44415623,None,None,None
31750005,0.6948579,3.6510057e-05,118.48371,0.018061297,0.46465215,None,None,None
31760007,0.6824266,3.6490055e-05,118.76252,0.020200685,0.42871845,None,None,None
31770005,0.68285143,3.6470054e-05,119.16479,0.007620306,0.37127003,None,None,None
31780007,0.6800433,3.645006e-05,118.64152,0.013971603,0.42074364,None,None,None
31790005,0.640872,3.6430058e-05,118.85145,0.01156362,0.4597519,None,None,None
31800005,0.64585,3.6410056e-05,119.22278,0.0047558607,0.45117816,None,None,None
31810006,0.65595824,3.6390058e-05,118.33745,0.027523134,0.4434382,None,None,None
31820006,0.6912127,3.6370056e-05,118.15004,0.06488586,0.43807203,None,None,None
31830008,0.6924048,3.6350055e-05,118.55167,0.01033736,0.3782078,None,None,None
31840006,0.65429384,3.6330057e-05,119.040726,0.0034772411,0.44150162,None,None,None
31850005,0.68089575,3.6310055e-05,118.31013,0.01990875,0.4584702,None,None,None
31860006,0.66997224,3.6290057e-05,118.56315,0.039922982,0.3948921,None,None,None
31870006,0.72438836,3.6270056e-05,118.66383,0.031976417,0.45229632,None,None,None
31880006,0.7143794,3.6250058e-05,118.6028,0.013213212,0.44565398,None,None,None
31890005,0.70467263,3.6230056e-05,118.94584,0.011300015,0.4282694,None,None,None
31900008,0.68977916,3.6210058e-05,118.718124,0.008235951,0.43104038,None,None,None
31910004,0.71008784,3.6190057e-05,118.57884,0.06152127,0.3636036,None,None,None
31920006,0.6708338,3.6170055e-05,118.52618,0.01248645,0.44357714,None,None,None
31930007,0.66943574,3.6150057e-05,118.37737,24.963898,0.3684759,47921.622411727905,47921.62244528532,79535.0
31940007,0.7040101,3.6130055e-05,117.880035,0.04502634,0.47812065,None,None,None
31950008,0.7240402,3.6110054e-05,118.48725,0.014966329,0.45218626,None,None,None
31960006,0.66828716,3.6090056e-05,119.208984,0.012898559,0.44932166,None,None,None
31970008,0.7046329,3.6070054e-05,118.85509,0.014781622,0.44162852,None,None,None
31980007,0.7051884,3.6050053e-05,118.5244,0.024224896,0.40545225,None,None,None
31990008,0.7011042,3.603005e-05,119.3346,0.002556966,0.4077243,None,None,None
32000005,0.70002425,3.6010057e-05,119.058495,0.009998335,0.38516426,None,None,None
32010005,0.70571643,3.599006e-05,119.26242,62.2044,0.4930477,47978.93980884552,47978.93993109465,79575.0
32020005,0.6958773,3.5970057e-05,118.681885,0.007305059,0.50970614,None,None,None
32030005,0.73346287,3.595006e-05,118.9568,0.005743651,0.43981022,None,None,None
32040005,0.75213027,3.5930057e-05,119.07549,0.018151177,0.41804165,None,None,None
32050007,0.7388933,3.591006e-05,119.40094,0.005666273,0.4433919,None,None,None
32060005,0.76756084,3.5890058e-05,118.19363,0.032304287,0.481666,None,None,None
32070005,0.8012749,3.587006e-05,119.066925,0.005971342,0.4655769,None,None,None
32080005,0.8014544,3.585006e-05,119.10756,0.0017669357,0.5182982,None,None,None
32090007,0.74652714,3.5830057e-05,118.80177,0.0037798996,0.48806533,None,None,None
32100005,0.73536175,3.5810055e-05,118.28014,19.689663,0.4527541,47840.8500957489,47840.85009253025,79481.0
32110005,0.62046975,3.5790057e-05,118.59196,18.982748,0.5124217,47983.7053604126,47983.7053412199,79609.0
32120005,0.6739489,3.577006e-05,118.29765,19.460732,0.39959663,48008.883739471436,48008.88358873129,79608.0
32130008,0.6228946,3.5750058e-05,118.62584,65.33387,0.47464195,47962.06704235077,47962.067113280296,79516.0
32140007,0.6892254,3.5730056e-05,118.34754,0.021269802,0.5131594,None,None,None
32150005,0.7222078,3.5710054e-05,119.000824,0.018493213,0.43427163,None,None,None
32160006,0.68135405,3.569006e-05,119.487206,0.0016633446,0.4425025,None,None,None
32170006,0.6694133,3.5670055e-05,119.57825,0.0022530816,0.4074741,None,None,None
32180007,0.6838819,3.5650057e-05,119.45707,0.0018978228,0.45786318,None,None,None
32190007,0.65617806,3.5630055e-05,117.56213,8.178982,0.48834953,30294.180364608765,30294.180340141058,50424.0
32200004,0.685618,3.5610057e-05,119.08682,0.004838376,0.4430028,None,None,None
32210007,0.6788364,3.5590056e-05,119.136665,0.002095144,0.5009849,None,None,None
32220006,0.6506818,3.5570054e-05,119.228004,0.009055038,0.4569033,None,None,None
32230008,0.6821901,3.5550052e-05,118.71071,0.016569367,0.48402685,None,None,None
32240007,0.6282629,3.553005e-05,119.513054,0.0020842967,0.48054937,None,None,None
32250005,0.64516944,3.5510056e-05,119.08213,0.0067445757,0.4423635,None,None,None
32260006,0.6121754,3.549006e-05,119.25719,0.0081229815,0.4994883,None,None,None
32270007,0.65441495,3.5470057e-05,119.21145,0.013913052,0.39381975,None,None,None
32280005,0.6811391,3.5450055e-05,119.07006,0.011036096,0.44226032,None,None,None
32290008,0.6765981,3.5430054e-05,119.36385,0.0057449704,0.41346097,None,None,None
32300004,0.67235225,3.5410056e-05,119.38379,0.008373006,0.42344207,None,None,None
32310007,0.64608806,3.539006e-05,118.87326,0.012034891,0.5120106,None,None,None
32320008,0.658258,3.5370056e-05,118.77292,0.014789057,0.48048443,None,None,None
32330005,0.61353236,3.5350055e-05,118.96818,0.006700538,0.46662155,None,None,None
32340007,0.651259,3.5330053e-05,119.22571,0.010982565,0.509809,None,None,None
32350007,0.6556584,3.5310055e-05,118.88551,0.021071073,0.4976755,None,None,None
32360005,0.66525054,3.5290057e-05,118.95186,0.00862495,0.4460336,None,None,None
32370007,0.671907,3.5270055e-05,118.498344,0.01146418,0.48486608,None,None,None
32380008,0.6413566,3.5250054e-05,118.779396,0.0067743002,0.45029306,None,None,None
32390008,0.62812936,3.5230052e-05,118.86565,0.004424003,0.46017748,None,None,None
32400006,0.6667068,3.5210058e-05,118.77979,0.015893875,0.44592255,None,None,None
32410008,0.67380303,3.5190053e-05,119.00298,0.012308018,0.4068252,None,None,None
32420007,0.65340215,3.5170055e-05,119.057076,18.043015,0.42255268,47990.34841918945,47990.3483068943,79548.0
32430007,0.68123037,3.5150057e-05,119.146286,0.0047449013,0.4697029,None,None,None
32440007,0.70168835,3.5130055e-05,118.132866,0.017617036,0.47737384,None,None,None
32450005,0.6567516,3.511006e-05,119.04696,0.0038848543,0.40286675,None,None,None
32460004,0.65718955,3.509006e-05,118.62395,0.016910946,0.45935544,None,None,None
32470006,0.6066646,3.5070057e-05,118.948494,0.0057415287,0.42824116,None,None,None
32480004,0.5987142,3.505006e-05,119.12421,0.008003077,0.42915076,None,None,None
32490005,0.6282907,3.503006e-05,119.08977,0.004353068,0.4220543,None,None,None
32500007,0.6572526,3.501006e-05,118.76114,14.189174,0.4455052,48011.86558532715,48011.8655679822,79561.0
32510005,0.5921766,3.4990055e-05,118.670456,0.0076973485,0.46039176,None,None,None
32520007,0.6762957,3.4970057e-05,118.08533,0.038314886,0.5085181,None,None,None
32530008,0.6356287,3.4950055e-05,118.43048,21.065533,0.4639125,47986.343030929565,47986.3431161046,79541.0
32540008,0.66567796,3.4930054e-05,118.56946,0.04100245,0.49484456,None,None,None
32550004,0.7010201,3.491006e-05,118.09365,0.017761637,0.49032158,None,None,None
32560007,0.6553671,3.4890058e-05,117.851364,0.50404423,0.41536504,None,None,None
32570006,0.652579,3.487006e-05,104.11387,26.236843,0.5196649,16761.68050146103,16761.68053098023,29756.0
32580008,0.63976985,3.4850054e-05,109.89809,12.104227,0.5050189,None,None,None
32590006,0.66994596,3.4830056e-05,115.99097,25.260372,0.40766215,45667.20272937417,45667.20276603848,79672.0
32600007,0.6487135,3.481006e-05,119.266716,0.0053493557,0.4784267,None,None,None
32610005,0.6841927,3.479006e-05,119.25734,0.002929895,0.44105452,None,None,None
32620007,0.6656793,3.4770055e-05,119.19554,0.0024486987,0.41442034,None,None,None
32630008,0.6869437,3.4750054e-05,118.47873,0.012314399,0.38107723,None,None,None
32640004,0.6527462,3.4730056e-05,118.3238,0.016202088,0.3681018,None,None,None
32650005,0.6667104,3.471006e-05,117.93693,0.024987495,0.28103265,None,None,None
32660006,0.6770374,3.469006e-05,116.77669,0.028734801,0.403095,None,None,None
32670005,0.64056396,3.4670058e-05,117.55367,0.013798976,0.47382814,None,None,None
32680005,0.620142,3.465006e-05,117.62312,0.021263573,0.4190785,None,None,None
32690006,0.625819,3.463006e-05,118.32285,0.01409849,0.3333496,None,None,None
32700006,0.66033316,3.4610057e-05,117.470505,0.023932157,0.35655928,None,None,None
32710008,0.58281344,3.4590055e-05,117.32252,0.022159804,0.5331471,None,None,None
32720005,0.6713252,3.4570057e-05,116.20075,0.0962457,0.43117166,None,None,None
32730007,0.6493562,3.4550056e-05,116.71965,0.058203906,0.32967597,None,None,None
32740006,0.65685713,3.4530058e-05,116.506165,0.04280937,0.3766799,None,None,None
32750008,0.62837845,3.451006e-05,117.50413,0.03212143,0.42101878,None,None,None
32760004,0.6285576,3.4490058e-05,118.32184,0.016933884,0.40265617,None,None,None
32770006,0.6424601,3.447006e-05,118.80406,0.01166869,0.45933843,None,None,None
32780006,0.66908234,3.445006e-05,117.98134,0.028349604,0.49937558,None,None,None
32790006,0.6781356,3.4430057e-05,117.72897,0.03050631,0.47300616,None,None,None
32800004,0.6399486,3.441006e-05,117.84243,0.061978173,0.37967786,None,None,None
32810004,0.6565423,3.439006e-05,114.12445,9.335131,0.5135615,None,None,None
32820004,0.6560711,3.437006e-05,110.40865,31.546717,0.48887366,41581.37156820297,41581.3715827167,70262.0
32830007,0.6448374,3.4350058e-05,117.66379,6.3748198,0.36646104,41082.83391329646,41082.83383657783,70427.0
32840006,0.661445,3.4330056e-05,117.88885,0.07404062,0.45289493,None,None,None
32850004,0.6499719,3.431006e-05,116.54339,1.8065798,0.38207236,None,None,None
32860007,0.70791906,3.4290057e-05,115.71322,1.0361637,0.387325,None,None,None
32870007,0.6708062,3.4270055e-05,114.669106,0.7446724,0.42871016,None,None,None
32880008,0.6571558,3.4250057e-05,115.650444,0.18107936,0.4894254,None,None,None
32890006,0.6522808,3.4230055e-05,115.97287,0.1470987,0.5225857,None,None,None
32900007,0.6827285,3.4210057e-05,116.315094,0.100968614,0.5158886,None,None,None
32910004,0.66054446,3.419006e-05,117.006485,11.799134,0.405801,47072.50690484047,47072.50679632276,79506.0
32920007,0.64789325,3.4170058e-05,116.21835,0.95790994,0.5354324,None,None,None
32930005,0.63593256,3.4150056e-05,114.02844,13.140417,0.5719634,46623.741289138794,46623.74126779288,79189.0
32940008,0.6000107,3.413006e-05,116.63167,0.031069983,0.50698274,None,None,None
32950008,0.64681065,3.4110053e-05,116.98734,0.017277239,0.5343812,None,None,None
32960008,0.6276823,3.4090055e-05,117.40707,0.013173021,0.6124732,None,None,None
32970005,0.64082897,3.4070057e-05,117.523636,0.020896798,0.45238408,None,None,None
32980008,0.67516124,3.405006e-05,118.0469,22.204828,0.35789618,47476.92630767822,47476.92624562979,79476.0
32990006,0.67512804,3.4030054e-05,118.78011,66.07439,0.3904322,47544.70365667343,47544.70369076729,79448.0
33000005,0.69951564,3.4010063e-05,119.19761,0.0026995395,0.48137742,None,None,None
33010004,0.7076336,3.399006e-05,119.408165,0.0017983044,0.56724894,None,None,None
33020004,0.6744831,3.3970064e-05,119.39552,0.0018058873,0.51614505,None,None,None
33030005,0.6936645,3.3950062e-05,119.11836,0.0035031955,0.38920233,None,None,None
33040007,0.67638695,3.393006e-05,118.70705,0.017199675,0.40329447,None,None,None
33050006,0.66330385,3.3910055e-05,118.36105,0.008709477,0.32379818,None,None,None
33060007,0.68115264,3.3890057e-05,117.528915,0.016864402,0.43854466,None,None,None
33070006,0.6504122,3.387006e-05,117.09538,0.012053081,0.37862015,None,None,None
33080006,0.66608703,3.3850058e-05,116.27403,0.053726,0.36701822,None,None,None
33090008,0.64361614,3.3830056e-05,117.130554,0.050602414,0.39003637,None,None,None
33100005,0.6340325,3.3810058e-05,117.25256,0.01565665,0.3902498,None,None,None
33110004,0.6521377,3.379006e-05,116.987335,0.030753769,0.4320274,None,None,None
33120004,0.67013097,3.3770062e-05,116.28848,0.0541175,0.45837045,None,None,None
33130004,0.59689516,3.375006e-05,116.606255,0.020266548,0.4866035,None,None,None
33140007,0.63719344,3.373006e-05,115.94549,0.035990987,0.50500643,None,None,None
33150005,0.6315667,3.371006e-05,116.68483,0.021236394,0.43181533,None,None,None
33160007,0.61930233,3.369006e-05,116.810196,0.027987596,0.419244,None,None,None
33170008,0.62945485,3.3670058e-05,117.62996,0.016049163,0.4982656,None,None,None
33180008,0.6521915,3.3650056e-05,118.57529,0.0096627325,0.4931372,None,None,None
33190005,0.6152446,3.3630058e-05,118.76348,0.0072724535,0.53398603,None,None,None
33200004,0.6429139,3.3610064e-05,118.33755,0.02872476,0.4820568,None,None,None
33210006,0.68389463,3.359006e-05,119.10261,0.014271727,0.38822287,None,None,None
33220008,0.6684995,3.3570057e-05,119.473656,0.0015249001,0.4232207,None,None,None
33230007,0.6493519,3.3550055e-05,119.391014,0.0054405713,0.5047044,None,None,None
33240007,0.6589142,3.3530057e-05,118.488335,0.039059788,0.44332877,None,None,None
33250004,0.64711547,3.351006e-05,118.09527,0.05140864,0.3872328,None,None,None
33260005,0.67263615,3.3490058e-05,118.212105,0.05342566,0.47636372,None,None,None
33270006,0.6559183,3.347006e-05,118.2924,0.014069024,0.5061923,None,None,None
33280006,0.6443872,3.345006e-05,118.3696,0.010233419,0.3483736,None,None,None
33290006,0.6517765,3.3430057e-05,118.423775,0.005318898,0.347461,None,None,None
33300005,0.66760427,3.3410062e-05,118.33783,0.022731777,0.38829404,None,None,None
33310008,0.66798425,3.3390057e-05,118.66344,23.881565,0.37567216,47611.27585029602,47611.27572256327,79475.0
33320004,0.72863764,3.337006e-05,118.41249,0.024131577,0.44584823,None,None,None
33330006,0.70025945,3.3350057e-05,117.906075,36.36454,0.4217431,47660.58556461334,47660.58568388224,79462.0
33340006,0.6287773,3.333006e-05,118.231544,0.0073538986,0.50661695,None,None,None
33350004,0.6701157,3.331006e-05,118.38243,0.0066460944,0.52655697,None,None,None
33360008,0.6447246,3.3290056e-05,118.52299,0.0056895483,0.37514436,None,None,None
33370006,0.66058916,3.327006e-05,118.66232,0.0026838952,0.4255538,None,None,None
33380004,0.6682614,3.325006e-05,118.6558,0.008655097,0.39476013,None,None,None
33390007,0.71869874,3.323006e-05,118.81218,15.720637,0.37074307,47718.16257476807,47718.16268360615,79432.0
33400007,0.6820457,3.3210057e-05,119.28538,18.154144,0.4183362,47739.37441635132,47739.37442177534,79422.0
33410005,0.74747384,3.319006e-05,119.46542,0.0041345754,0.41459897,None,None,None
33420006,0.6800798,3.3170058e-05,119.450264,0.0035350248,0.49429837,None,None,None
33430005,0.67734134,3.315006e-05,119.48358,0.0032500192,0.3463239,None,None,None
33440004,0.6975611,3.3130065e-05,119.00541,0.009442043,0.45066434,None,None,None
33450004,0.6668833,3.3110064e-05,118.836235,0.0070614023,0.34675917,None,None,None
33460007,0.6989081,3.309006e-05,118.1429,0.026312586,0.35496616,None,None,None
33470004,0.66060966,3.307006e-05,117.69411,0.044763505,0.46832442,None,None,None
33480008,0.648695,3.305006e-05,116.55877,2.9964032,0.44437328,None,None,None
33490005,0.6852387,3.3030057e-05,115.809525,16.98502,0.48794594,20522.69910648465,20522.699189431965,35220.0
33500008,0.68920916,3.301006e-05,115.74284,2.2556953,0.38977665,None,None,None
33510007,0.6711975,3.2990058e-05,114.09552,14.451761,0.4286061,20256.617016881704,20256.616986997426,35202.0
33520006,0.73171026,3.2970056e-05,114.74526,3.624544,0.4666063,None,None,None
33530008,0.6956988,3.2950058e-05,114.22824,3.5499115,0.44253772,None,None,None
33540006,0.6637576,3.2930056e-05,114.203804,2.5791783,0.40801087,None,None,None
33550006,0.65482926,3.291006e-05,115.0577,0.47391593,0.41905436,None,None,None
33560006,0.6635221,3.289006e-05,115.738754,0.06494891,0.6203264,None,None,None
33570007,0.61304456,3.287006e-05,115.8153,0.052503716,0.7073139,None,None,None
33580004,0.59649044,3.285006e-05,113.330414,8.128671,0.37736663,22196.488965034485,22196.488985307515,37476.0
33590005,0.6204719,3.283006e-05,115.1493,20.123276,0.36424035,22926.534430027008,22926.53438924253,38607.0
33600005,0.70108867,3.281006e-05,117.83561,0.022311028,0.4466939,None,None,None
33610008,0.74026006,3.279006e-05,118.683846,0.017242964,0.5397781,None,None,None
33620004,0.74920565,3.2770058e-05,118.829704,0.017616857,0.5961857,None,None,None
33630006,0.7076568,3.275006e-05,118.86518,61.017426,0.39700556,46964.14518908411,46964.14529026672,79515.0
33640006,0.72286874,3.273006e-05,118.62634,0.007065045,0.6258699,None,None,None
33650007,0.6486704,3.2710057e-05,118.947365,0.0027592762,0.6761328,None,None,None
33660005,0.65460044,3.269006e-05,118.654,0.008226297,0.5720144,None,None,None
33670004,0.64293873,3.2670065e-05,118.79488,0.033991463,0.42258173,None,None,None
33680006,0.6272053,3.2650063e-05,118.65499,0.005898825,0.5552038,None,None,None
33690006,0.59585524,3.2630058e-05,118.35239,0.01564624,0.48000073,None,None,None
33700008,0.65888655,3.2610056e-05,118.718376,0.044346157,0.48028657,None,None,None
33710006,0.68281657,3.2590055e-05,118.74967,0.006127762,0.47885427,None,None,None
33720008,0.6994641,3.257006e-05,117.9678,0.04533914,0.42944065,None,None,None
33730006,0.6186615,3.2550055e-05,119.304726,0.0039253645,0.5357643,None,None,None
33740006,0.5825596,3.253006e-05,119.35727,0.0035427567,0.4819423,None,None,None
33750004,0.58139646,3.2510063e-05,119.37567,0.001959274,0.53239596,None,None,None
33760004,0.5568904,3.2490065e-05,118.729744,0.0071813166,0.54252684,None,None,None
33770007,0.5866993,3.2470063e-05,118.660934,0.008663486,0.47271276,None,None,None
33780008,0.65214074,3.2450058e-05,119.37253,0.0016290238,0.4314533,None,None,None
33790007,0.6064417,3.243006e-05,119.08361,0.00582722,0.53598917,None,None,None
33800008,0.60988873,3.241006e-05,118.56793,0.31399092,0.4728977,None,None,None
33810006,0.6737761,3.239006e-05,119.12434,0.2254316,0.44649252,None,None,None
33820005,0.69768447,3.2370062e-05,119.17395,0.045076266,0.58536047,None,None,None
33830008,0.62186855,3.2350057e-05,119.23808,0.0045943465,0.56734985,None,None,None
33840004,0.6462136,3.233006e-05,118.95529,0.012589103,0.56115973,None,None,None
33850006,0.5999689,3.231006e-05,118.92952,0.35519153,0.512578,None,None,None
33860007,0.5726969,3.229006e-05,119.269806,0.0029379714,0.5480306,None,None,None
33870006,0.56600535,3.2270058e-05,119.38399,0.0038166232,0.5570587,None,None,None
33880006,0.6535386,3.225006e-05,118.34383,0.027023483,0.61852276,None,None,None
33890008,0.6915179,3.223006e-05,118.68035,79.259895,0.6552805,47927.95930290222,47927.959380209446,79575.0
33900008,0.63386536,3.2210057e-05,118.830696,0.011888502,0.58169115,None,None,None
33910006,0.6840437,3.219006e-05,118.64844,18.395298,0.4451239,47944.60879325867,47944.60865786672,79611.0
33920005,0.6453843,3.217006e-05,118.55818,0.017321842,0.5444307,None,None,None
33930008,0.6256621,3.215006e-05,118.4989,0.014979465,0.5635949,None,None,None
33940005,0.51506364,3.213006e-05,118.948524,0.0068628094,0.55957997,None,None,None
33950006,0.4987206,3.211006e-05,119.03622,0.0021273242,0.44810352,None,None,None
33960004,0.5082561,3.209006e-05,118.91655,0.002375892,0.53139997,None,None,None
33970008,0.5071811,3.207006e-05,118.73189,0.0029266058,0.5572045,None,None,None
33980008,0.5601134,3.2050055e-05,117.65873,0.018131927,0.55006003,None,None,None
33990007,0.62549114,3.2030053e-05,117.938644,12.063504,0.4422533,47939.56834983826,47939.56830146909,79632.0
34000005,0.67380977,3.2010063e-05,118.43211,59.380165,0.5246793,47990.506669044495,47990.50663872063,79639.0
34010008,0.6574624,3.199006e-05,119.24334,0.002884305,0.530032,None,None,None
34020008,0.70406675,3.1970056e-05,118.70528,0.007869348,0.5884385,None,None,None
34030006,0.5852528,3.1950058e-05,118.971054,0.0033492963,0.61276966,None,None,None
34040005,0.6141353,3.193006e-05,118.17555,0.01051752,0.53755516,None,None,None
34050007,0.52481914,3.191006e-05,118.22268,0.02592991,0.46569294,None,None,None
34060007,0.55712444,3.189006e-05,118.27393,0.036580034,0.43696865,None,None,None
34070008,0.55631214,3.187006e-05,119.035,0.014766174,0.61613595,None,None,None
34080005,0.60305434,3.1850057e-05,119.26477,0.006109699,0.5402064,None,None,None
34090008,0.6056728,3.183006e-05,118.96315,0.023445629,0.53626615,None,None,None
34100004,0.66425943,3.181006e-05,118.761406,0.040675037,0.4384904,None,None,None
34110005,0.7064271,3.1790063e-05,119.170074,0.01309326,0.3861961,None,None,None
34120004,0.69252104,3.177006e-05,118.76526,0.013698542,0.50723386,None,None,None
34130006,0.6728551,3.1750063e-05,118.46469,0.054162405,0.49295378,None,None,None
34140005,0.64291584,3.1730066e-05,118.45031,0.022993356,0.5476478,None,None,None
34150007,0.6688528,3.171006e-05,118.243904,0.05882578,0.41884422,None,None,None
34160007,0.64519763,3.169006e-05,118.22838,0.029291293,0.39488134,None,None,None
34170004,0.6389145,3.167006e-05,118.51854,0.006239191,0.47181177,None,None,None
34180007,0.6664191,3.1650063e-05,118.84353,0.0053685955,0.45274168,None,None,None
34190006,0.66276264,3.1630057e-05,119.28441,0.005842943,0.48368606,None,None,None
34200008,0.6402067,3.161006e-05,118.913536,0.051856235,0.4454068,None,None,None
34210005,0.656189,3.159006e-05,119.011795,0.07072698,0.3861261,None,None,None
34220005,0.68149775,3.1570064e-05,119.16316,0.042110447,0.39353195,None,None,None
34230007,0.6813928,3.1550062e-05,118.974174,0.015230369,0.47991598,None,None,None
34240006,0.640078,3.153006e-05,119.199745,0.0032046684,0.4893454,None,None,None
34250004,0.60897726,3.1510062e-05,118.91089,0.0107092345,0.49940926,None,None,None
34260008,0.55326027,3.149006e-05,118.856606,0.004335744,0.56548977,None,None,None
34270007,0.57696605,3.147006e-05,119.15029,0.004714648,0.54422,None,None,None
34280007,0.59210545,3.1450058e-05,119.30558,0.010321566,0.36589533,None,None,None
34290008,0.6484953,3.143006e-05,119.1104,12.386869,0.3760446,47996.22543716431,47996.225417256355,79629.0
34300004,0.6520125,3.141006e-05,118.96925,0.013165854,0.4737052,None,None,None
34310008,0.6724369,3.139006e-05,118.867546,0.025985992,0.44016638,48015.39129257202,48015.39133065939,79611.0
34320006,0.6494202,3.137006e-05,119.203514,18.309055,0.38937813,None,None,None
34330008,0.61857975,3.135006e-05,119.59247,0.005784012,0.45820206,None,None,None
34340008,0.6209907,3.1330055e-05,119.40017,0.0064652665,0.48518515,None,None,None
34350007,0.57543844,3.131006e-05,119.69003,0.0018454595,0.44550493,None,None,None
34360008,0.5936184,3.129006e-05,119.64939,0.0012228147,0.4041024,None,None,None
34370007,0.58196384,3.1270058e-05,119.64652,0.001224212,0.39862975,None,None,None
34380008,0.5912975,3.125006e-05,119.31287,0.0029815466,0.43246883,None,None,None
34390006,0.62200207,3.1230058e-05,119.31016,25.569378,0.39422086,48021.59348869324,48021.59344017506,79598.0
34400006,0.623404,3.121006e-05,119.09309,0.008080107,0.49344832,None,None,None
34410007,0.6876669,3.119006e-05,119.03749,26.453985,0.43955526,48051.6351184845,48051.63518315554,79597.0
34420004,0.7526028,3.117006e-05,118.59094,0.011009038,0.41027436,None,None,None
34430004,0.6898397,3.1150063e-05,119.106766,12.711606,0.38846236,48042.75571060181,48042.755754351616,79630.0
34440005,0.6845436,3.1130065e-05,118.84088,15.851285,0.32221916,48045.150314331055,48045.15020394325,79618.0
34450006,0.6215252,3.1110063e-05,118.81252,0.0053540897,0.5056472,None,None,None
34460005,0.6171292,3.1090065e-05,118.94504,0.005968025,0.3808116,None,None,None
34470007,0.62219924,3.1070063e-05,119.10878,0.012876814,0.37892613,None,None,None
34480007,0.6101287,3.1050058e-05,119.23693,0.0044763805,0.4172257,None,None,None
34490004,0.58406126,3.1030064e-05,119.48493,0.0088541005,0.40836665,None,None,None
34500004,0.58198303,3.1010066e-05,119.419785,0.010223208,0.44858536,None,None,None
34510008,0.6561961,3.099006e-05,119.347755,0.006571606,0.49027807,None,None,None
34520008,0.6906452,3.097006e-05,118.92138,0.012288727,0.36907035,None,None,None
34530005,0.6815535,3.095006e-05,118.58592,0.076653264,0.37720722,None,None,None
34540005,0.7150115,3.0930063e-05,118.52869,0.040908318,0.34132233,None,None,None
34550004,0.65176344,3.0910065e-05,118.32343,0.014225768,0.48013678,None,None,None
34560005,0.6353245,3.0890063e-05,118.57235,0.0075779124,0.48108378,None,None,None
34570004,0.59599006,3.0870062e-05,118.97571,0.0072476687,0.469107,None,None,None
34580006,0.5888387,3.0850064e-05,119.20409,0.0051508956,0.41853422,None,None,None
34590008,0.5587498,3.083006e-05,119.322525,0.0081816185,0.39381295,None,None,None
34600004,0.5748403,3.081006e-05,118.98097,0.02422634,0.40134358,None,None,None
34610008,0.6479082,3.0790063e-05,119.09191,0.011817875,0.4242743,None,None,None
34620005,0.633251,3.077006e-05,119.3874,0.006508638,0.42514664,None,None,None
34630005,0.69300276,3.0750063e-05,118.63498,0.019411013,0.44732028,None,None,None
34640006,0.66107357,3.0730065e-05,119.04774,0.009101271,0.3239138,None,None,None
34650004,0.6673393,3.0710064e-05,118.46632,0.023735736,0.36566624,None,None,None
34660006,0.6243762,3.0690062e-05,117.916374,0.2819441,0.3310424,None,None,None
34670004,0.6210313,3.0670064e-05,117.58225,0.13551453,0.3157537,None,None,None
34680008,0.62473524,3.0650062e-05,117.92147,0.028801331,0.36718476,None,None,None
34690004,0.68623656,3.063006e-05,118.203766,0.011639068,0.588493,47713.39818763733,47713.39812886715,79477.0
34700005,0.6318917,3.0610066e-05,118.45475,22.733356,0.54203635,None,None,None
34710007,0.67124337,3.0590065e-05,118.656746,0.007049618,0.6184538,None,None,None
34720004,0.6054516,3.0570063e-05,119.188515,29.907148,0.33980247,47824.69058036804,47824.69058799744,79475.0
34730007,0.60416037,3.055006e-05,118.50517,0.008062573,0.46579558,None,None,None
34740004,0.59501076,3.0530064e-05,118.70886,0.0052391225,0.47385532,None,None,None
34750007,0.57671946,3.0510064e-05,118.50675,0.0065580048,0.57220364,None,None,None
34760005,0.51896185,3.0490062e-05,118.404594,0.008093843,0.48590764,None,None,None
34770007,0.53825504,3.0470064e-05,118.518425,0.0033139281,0.47752017,None,None,None
34780008,0.5492372,3.0450059e-05,118.52208,0.0046514566,0.48896438,None,None,None
34790008,0.62899864,3.0430061e-05,118.85134,0.011268575,0.6374289,47888.887664318085,47888.88771766424,79511.0
34800007,0.6445525,3.0410061e-05,119.01038,66.84452,0.4542656,None,None,None
34810006,0.7235039,3.0390062e-05,119.08238,0.0035675787,0.38790733,None,None,None
34820006,0.7683126,3.0370062e-05,118.70208,47.21441,0.5021564,47987.812271118164,47987.81229144335,79518.0
34830007,0.76145315,3.0350064e-05,119.386505,0.0023169026,0.4434952,None,None,None
34840005,0.729976,3.0330064e-05,119.087875,0.004942746,0.47728616,None,None,None
34850005,0.5806706,3.0310064e-05,119.341225,0.004855549,0.39877018,None,None,None
34860006,0.5653542,3.0290066e-05,119.113045,0.009908999,0.42726818,None,None,None
34870006,0.5915205,3.0270065e-05,118.98166,0.016314983,0.49350658,None,None,None
34880007,0.66256136,3.0250063e-05,119.18882,0.00425606,0.47882137,None,None,None
34890005,0.670715,3.0230065e-05,119.33836,0.0043555917,0.600773,None,None,None
34900008,0.68406516,3.0210063e-05,119.30531,0.015708942,0.39515874,None,None,None
34910005,0.7264737,3.0190062e-05,118.90349,0.015821729,0.4774918,None,None,None
34920004,0.74619585,3.0170066e-05,119.02161,0.006359267,0.4344472,None,None,None
34930006,0.63284695,3.0150068e-05,118.974556,0.014562951,0.47606057,None,None,None
34940006,0.64340633,3.0130064e-05,119.203766,0.0049785045,0.3702644,None,None,None
34950004,0.66839784,3.0110066e-05,118.74563,0.004666437,0.40350857,None,None,None
34960004,0.5557471,3.009007e-05,119.07322,0.0048873452,0.49026197,None,None,None
34970004,0.56683844,3.0070069e-05,119.17403,0.007518855,0.4720103,None,None,None
34980004,0.61078125,3.0050069e-05,119.281876,0.0039024735,0.39422917,None,None,None
34990008,0.6052528,3.0030063e-05,119.25801,0.0070000216,0.37293836,None,None,None
35000008,0.56954104,3.001006e-05,119.21112,0.061034244,0.40635315,None,None,None
35010008,0.6191755,2.9990058e-05,118.96587,0.2368973,0.3770039,None,None,None
35020008,0.63897693,2.9970059e-05,119.57748,0.0019891202,0.3993261,None,None,None
35030004,0.6585949,2.9950064e-05,118.9418,0.017455325,0.4339323,None,None,None
35040004,0.6173405,2.9930066e-05,117.35139,2.5700316,0.4174673,None,None,None
35050007,0.66268957,2.9910067e-05,115.98142,38.550446,0.4389845,41403.04838371277,41403.048500575125,69510.0
35060008,0.62712973,2.9890063e-05,118.47729,0.012060817,0.46394363,None,None,None
35070007,0.6102763,2.9870062e-05,118.655426,0.0069502704,0.43711764,None,None,None
35080004,0.5601726,2.9850065e-05,118.79765,0.0109571535,0.357653,None,None,None
35090008,0.52879214,2.9830064e-05,118.99059,0.006870328,0.45224303,None,None,None
35100007,0.5487649,2.981006e-05,118.70907,0.014498429,0.4782427,None,None,None
35110007,0.6007141,2.9790062e-05,118.12581,0.01676737,0.5249319,None,None,None
35120004,0.5896667,2.9770066e-05,118.94318,26.233713,0.43829405,47999.153480529785,47999.153340399265,79542.0
35130006,0.6025131,2.9750065e-05,118.52568,0.009527934,0.44801426,None,None,None
35140004,0.6020116,2.9730067e-05,118.66396,0.0059556775,0.4489987,None,None,None
35150006,0.5679656,2.9710067e-05,118.8956,0.0038823267,0.44880858,None,None,None
35160005,0.5861505,2.9690067e-05,118.49409,0.009242099,0.3519717,None,None,None
35170004,0.55614096,2.9670067e-05,118.03386,0.009011814,0.459186,None,None,None
35180007,0.5274305,2.9650066e-05,118.159706,0.011258981,0.49931484,None,None,None
35190008,0.56744635,2.963006e-05,118.130974,0.007356991,0.46113616,None,None,None
35200004,0.5889898,2.9610064e-05,118.583984,78.65706,0.499258,47945.291226387024,47945.29118408263,79512.0
35210005,0.59912133,2.9590068e-05,118.83008,0.0029820735,0.5524155,None,None,None
35220004,0.5875399,2.9570068e-05,118.86258,0.00892013,0.43463978,None,None,None
35230007,0.72863287,2.9550065e-05,118.49406,14.42626,0.39412314,48016.359844207764,48016.35991483927,79496.0
35240008,0.78404963,2.9530063e-05,118.8859,81.901276,0.45965314,48006.8640832901,48006.8640961647,79528.0
35250006,0.7780244,2.9510064e-05,118.55101,0.007901633,0.54636294,None,None,None
35260004,0.65780324,2.9490066e-05,118.42445,0.008682927,0.47796217,None,None,None
35270006,0.67792314,2.947007e-05,118.9053,0.0021737095,0.50202924,None,None,None
35280004,0.6618149,2.9450066e-05,118.981346,0.003206844,0.41030326,None,None,None
35290004,0.6228231,2.943007e-05,119.219955,0.0022592128,0.6444481,None,None,None
35300008,0.6654683,2.9410066e-05,119.12566,0.0060679046,0.58307934,None,None,None
35310007,0.69061583,2.9390061e-05,118.91369,0.0010999378,0.5859585,None,None,None
35320004,0.6957927,2.9370065e-05,118.61187,0.0038405515,0.48700103,None,None,None
35330004,0.57571447,2.9350069e-05,118.57168,0.011689767,0.5302093,None,None,None
35340006,0.6105359,2.9330067e-05,118.99715,0.0030053305,0.5234518,None,None,None
35350005,0.606778,2.9310064e-05,119.22349,0.0018489123,0.3910315,None,None,None
35360006,0.645066,2.9290066e-05,118.84955,0.0061707892,0.47194758,None,None,None
35370004,0.5870872,2.9270066e-05,119.04759,0.00471423,0.60276157,None,None,None
35380005,0.6318997,2.925007e-05,118.897224,0.0075955926,0.60037965,None,None,None
35390008,0.5957925,2.9230063e-05,118.90078,0.0030918089,0.540931,None,None,None
35400008,0.56731963,2.9210061e-05,118.77518,0.0047293724,0.49691278,None,None,None
35410007,0.5678939,2.9190061e-05,118.56215,0.008262763,0.54622525,None,None,None
35420008,0.6586474,2.9170063e-05,119.099846,0.0026956655,0.60267997,None,None,None
35430005,0.68977803,2.9150064e-05,119.23892,0.0018071516,0.46779042,None,None,None
